device_id1,timestamp_dev1,status_dev1,device_id2,timestamp_dev2,status_dev2
dev1,2017-12-15T09:13:10.956340,1,dev2,2017-12-15T09:13:10.952251,1
dev1,2017-12-15T09:13:13.061674,0,dev2,2017-12-15T09:13:13.056505,0
dev1,2017-12-15T09:13:21.699653,1,dev2,2017-12-15T09:13:21.695652,1
dev1,2017-12-15T09:13:23.705503,0,dev2,2017-12-15T09:13:23.701287,0
dev1,2017-12-15T09:13:32.347025,1,dev2,2017-12-15T09:13:32.342910,1
dev1,2017-12-15T09:13:34.395692,0,dev2,2017-12-15T09:13:34.389368,0
dev1,2017-12-15T09:13:43.056411,1,dev2,2017-12-15T09:13:43.052319,1
dev1,2017-12-15T09:13:45.110080,0,dev2,2017-12-15T09:13:45.105765,0
dev1,2017-12-15T09:13:53.678110,1,dev2,2017-12-15T09:13:53.674004,1
dev1,2017-12-15T09:13:55.705474,0,dev2,2017-12-15T09:13:55.701155,0
dev1,2017-12-15T09:14:04.469694,1,dev2,2017-12-15T09:14:04.465596,1
dev1,2017-12-15T09:14:06.525921,0,dev2,2017-12-15T09:14:06.521047,0
dev1,2017-12-15T09:14:15.273699,1,dev2,2017-12-15T09:14:15.269719,1
dev1,2017-12-15T09:14:17.304308,0,dev2,2017-12-15T09:14:17.300062,0
dev1,2017-12-15T09:14:26.147961,1,dev2,2017-12-15T09:14:26.143729,1
dev1,2017-12-15T09:14:28.178548,0,dev2,2017-12-15T09:14:28.174282,0
dev1,2017-12-15T09:14:36.871231,1,dev2,2017-12-15T09:14:36.866866,1
dev1,2017-12-15T09:14:38.889744,0,dev2,2017-12-15T09:14:38.885575,0
dev1,2017-12-15T09:14:47.492740,1,dev2,2017-12-15T09:14:47.488652,1
dev1,2017-12-15T09:14:49.543061,0,dev2,2017-12-15T09:14:49.538897,0
dev1,2017-12-15T09:14:58.171507,1,dev2,2017-12-15T09:14:58.167235,1
dev1,2017-12-15T09:15:00.216615,0,dev2,2017-12-15T09:15:00.212401,0
dev1,2017-12-15T09:15:08.905801,1,dev2,2017-12-15T09:15:08.901506,1
dev1,2017-12-15T09:15:10.976818,0,dev2,2017-12-15T09:15:10.972275,0
dev1,2017-12-15T09:15:19.749877,1,dev2,2017-12-15T09:15:19.745455,1
dev1,2017-12-15T09:15:21.813370,0,dev2,2017-12-15T09:15:21.809075,0
dev1,2017-12-15T09:15:30.502606,1,dev2,2017-12-15T09:15:30.498313,1
dev1,2017-12-15T09:15:32.530040,0,dev2,2017-12-15T09:15:32.525475,0
dev1,2017-12-15T09:15:41.200809,1,dev2,2017-12-15T09:15:41.196590,1
dev1,2017-12-15T09:15:43.250351,0,dev2,2017-12-15T09:15:43.245917,0
dev1,2017-12-15T09:15:51.934415,1,dev2,2017-12-15T09:15:51.930546,1
dev1,2017-12-15T09:15:54.000009,0,dev2,2017-12-15T09:15:53.995730,0
dev1,2017-12-15T09:16:02.530640,1,dev2,2017-12-15T09:16:02.526484,1
dev1,2017-12-15T09:16:04.516825,0,dev2,2017-12-15T09:16:04.512208,0
dev1,2017-12-15T09:16:12.907732,1,dev2,2017-12-15T09:16:12.903938,1
dev1,2017-12-15T09:16:14.904352,0,dev2,2017-12-15T09:16:14.900087,0
dev1,2017-12-15T09:16:23.377736,1,dev2,2017-12-15T09:16:23.373593,1
dev1,2017-12-15T09:16:25.350033,0,dev2,2017-12-15T09:16:25.345269,0
dev1,2017-12-15T09:16:33.665723,1,dev2,2017-12-15T09:16:33.661335,1
dev1,2017-12-15T09:16:35.636508,0,dev2,2017-12-15T09:16:35.631894,0
dev1,2017-12-15T09:16:44.191859,1,dev2,2017-12-15T09:16:44.187603,1
dev1,2017-12-15T09:16:46.179730,0,dev2,2017-12-15T09:16:46.175313,0
dev1,2017-12-15T09:16:54.733746,1,dev2,2017-12-15T09:16:54.729306,1
dev1,2017-12-15T09:16:56.721627,0,dev2,2017-12-15T09:16:56.716950,0
dev1,2017-12-15T09:17:05.244951,1,dev2,2017-12-15T09:17:05.240714,1
dev1,2017-12-15T09:17:07.241975,0,dev2,2017-12-15T09:17:07.237394,0
dev1,2017-12-15T09:17:15.633754,1,dev2,2017-12-15T09:17:15.629437,1
dev1,2017-12-15T09:17:17.675368,0,dev2,2017-12-15T09:17:17.670845,0
dev1,2017-12-15T09:17:26.196315,1,dev2,2017-12-15T09:17:26.191929,1
dev1,2017-12-15T09:17:28.181862,0,dev2,2017-12-15T09:17:28.177595,0
dev1,2017-12-15T09:17:36.626544,1,dev2,2017-12-15T09:17:36.622149,1
dev1,2017-12-15T09:17:38.582516,0,dev2,2017-12-15T09:17:38.578184,0
dev1,2017-12-15T09:17:47.223415,1,dev2,2017-12-15T09:17:47.219096,1
dev1,2017-12-15T09:17:49.176385,0,dev2,2017-12-15T09:17:49.171718,0
dev1,2017-12-15T09:17:57.760825,1,dev2,2017-12-15T09:17:57.756585,1
dev1,2017-12-15T09:17:59.746334,0,dev2,2017-12-15T09:17:59.740828,0
dev1,2017-12-15T09:18:08.209057,1,dev2,2017-12-15T09:18:08.204739,1
dev1,2017-12-15T09:18:10.259352,0,dev2,2017-12-15T09:18:10.254923,0
dev1,2017-12-15T09:18:18.769808,1,dev2,2017-12-15T09:18:18.765466,1
dev1,2017-12-15T09:18:20.800731,0,dev2,2017-12-15T09:18:20.796382,0
dev1,2017-12-15T09:18:29.393852,1,dev2,2017-12-15T09:18:29.389342,1
dev1,2017-12-15T09:18:31.396864,0,dev2,2017-12-15T09:18:31.392429,0
dev1,2017-12-15T09:18:39.874745,1,dev2,2017-12-15T09:18:39.870558,1
dev1,2017-12-15T09:18:41.934572,0,dev2,2017-12-15T09:18:41.929150,0
dev1,2017-12-15T09:18:50.483540,1,dev2,2017-12-15T09:18:50.479328,1
dev1,2017-12-15T09:18:52.456273,0,dev2,2017-12-15T09:18:52.451940,0
dev1,2017-12-15T09:19:00.931713,1,dev2,2017-12-15T09:19:00.927917,1
dev1,2017-12-15T09:19:02.974537,0,dev2,2017-12-15T09:19:02.970121,0
dev1,2017-12-15T09:19:11.452728,1,dev2,2017-12-15T09:19:11.448444,1
dev1,2017-12-15T09:19:13.512208,0,dev2,2017-12-15T09:19:13.507856,0
dev1,2017-12-15T09:19:22.155685,1,dev2,2017-12-15T09:19:22.151468,1
dev1,2017-12-15T09:19:24.158129,0,dev2,2017-12-15T09:19:24.153811,0
dev1,2017-12-15T09:19:32.766940,1,dev2,2017-12-15T09:19:32.762704,1
dev1,2017-12-15T09:19:34.807587,0,dev2,2017-12-15T09:19:34.803268,0
dev1,2017-12-15T09:19:43.411445,1,dev2,2017-12-15T09:19:43.407203,1
dev1,2017-12-15T09:19:45.451077,0,dev2,2017-12-15T09:19:45.446712,0
dev1,2017-12-15T09:19:54.063828,1,dev2,2017-12-15T09:19:54.059378,1
dev1,2017-12-15T09:19:56.110915,0,dev2,2017-12-15T09:19:56.106201,0
dev1,2017-12-15T09:20:04.715779,1,dev2,2017-12-15T09:20:04.711545,1
dev1,2017-12-15T09:20:06.710498,0,dev2,2017-12-15T09:20:06.705853,0
dev1,2017-12-15T09:20:15.347545,1,dev2,2017-12-15T09:20:15.343229,1
dev1,2017-12-15T09:20:17.355350,0,dev2,2017-12-15T09:20:17.350509,0
dev1,2017-12-15T09:20:25.913044,1,dev2,2017-12-15T09:20:25.908440,1
dev1,2017-12-15T09:20:27.969031,0,dev2,2017-12-15T09:20:27.964538,0
dev1,2017-12-15T09:20:36.443837,1,dev2,2017-12-15T09:20:36.439342,1
dev1,2017-12-15T09:20:38.478286,0,dev2,2017-12-15T09:20:38.473917,0
dev1,2017-12-15T09:20:46.977862,1,dev2,2017-12-15T09:20:46.973490,1
dev1,2017-12-15T09:20:48.971058,0,dev2,2017-12-15T09:20:48.966617,0
dev1,2017-12-15T09:20:57.521491,1,dev2,2017-12-15T09:20:57.517094,1
dev1,2017-12-15T09:20:59.513614,0,dev2,2017-12-15T09:20:59.509209,0
dev1,2017-12-15T09:21:08.196292,1,dev2,2017-12-15T09:21:08.192178,1
dev1,2017-12-15T09:21:10.194686,0,dev2,2017-12-15T09:21:10.189950,0
dev1,2017-12-15T09:21:18.909147,1,dev2,2017-12-15T09:21:18.904528,1
dev1,2017-12-15T09:21:20.963264,0,dev2,2017-12-15T09:21:20.958724,0
dev1,2017-12-15T09:21:29.731075,1,dev2,2017-12-15T09:21:29.726592,1
dev1,2017-12-15T09:21:31.789055,0,dev2,2017-12-15T09:21:31.784514,0
dev1,2017-12-15T09:21:40.444217,1,dev2,2017-12-15T09:21:40.440073,1
dev1,2017-12-15T09:21:42.428460,0,dev2,2017-12-15T09:21:42.423692,0
dev1,2017-12-15T09:21:51.149159,1,dev2,2017-12-15T09:21:51.144609,1
dev1,2017-12-15T09:21:53.183268,0,dev2,2017-12-15T09:21:53.178365,0
dev1,2017-12-15T09:22:01.823536,1,dev2,2017-12-15T09:22:01.818950,1
dev1,2017-12-15T09:22:03.873270,0,dev2,2017-12-15T09:22:03.868746,0
dev1,2017-12-15T09:22:12.509437,1,dev2,2017-12-15T09:22:12.505041,1
dev1,2017-12-15T09:22:14.489637,0,dev2,2017-12-15T09:22:14.485036,0
dev1,2017-12-15T09:22:23.176854,1,dev2,2017-12-15T09:22:23.172368,1
dev1,2017-12-15T09:22:25.245956,0,dev2,2017-12-15T09:22:25.241051,0
dev1,2017-12-15T09:22:33.900284,1,dev2,2017-12-15T09:22:33.895751,1
dev1,2017-12-15T09:22:35.903128,0,dev2,2017-12-15T09:22:35.898296,0
dev1,2017-12-15T09:22:44.585963,1,dev2,2017-12-15T09:22:44.581408,1
dev1,2017-12-15T09:22:46.603688,0,dev2,2017-12-15T09:22:46.599315,0
dev1,2017-12-15T09:22:55.332225,1,dev2,2017-12-15T09:22:55.327493,1
dev1,2017-12-15T09:22:57.426177,0,dev2,2017-12-15T09:22:57.421462,0
dev1,2017-12-15T09:23:06.182333,1,dev2,2017-12-15T09:23:06.177979,1
dev1,2017-12-15T09:23:08.216496,0,dev2,2017-12-15T09:23:08.210825,0
dev1,2017-12-15T09:23:16.859562,1,dev2,2017-12-15T09:23:16.855065,1
dev1,2017-12-15T09:23:18.891283,0,dev2,2017-12-15T09:23:18.886502,0
dev1,2017-12-15T09:23:27.534259,1,dev2,2017-12-15T09:23:27.529813,1
dev1,2017-12-15T09:23:29.628075,0,dev2,2017-12-15T09:23:29.623645,0
dev1,2017-12-15T09:23:38.258136,1,dev2,2017-12-15T09:23:38.253626,1
dev1,2017-12-15T09:23:40.318042,0,dev2,2017-12-15T09:23:40.313557,0
dev1,2017-12-15T09:23:48.888051,1,dev2,2017-12-15T09:23:48.883515,1
dev1,2017-12-15T09:23:50.939708,0,dev2,2017-12-15T09:23:50.934681,0
dev1,2017-12-15T09:23:59.560507,1,dev2,2017-12-15T09:23:59.556093,1
dev1,2017-12-15T09:24:01.594730,0,dev2,2017-12-15T09:24:01.590338,0
dev1,2017-12-15T09:24:10.232741,1,dev2,2017-12-15T09:24:10.228169,1
dev1,2017-12-15T09:24:12.314556,0,dev2,2017-12-15T09:24:12.310052,0
dev1,2017-12-15T09:24:21.067021,1,dev2,2017-12-15T09:24:21.062500,1
dev1,2017-12-15T09:24:23.161445,0,dev2,2017-12-15T09:24:23.156964,0
dev1,2017-12-15T09:24:31.980713,1,dev2,2017-12-15T09:24:31.976286,1
dev1,2017-12-15T09:24:34.055496,0,dev2,2017-12-15T09:24:34.050890,0
dev1,2017-12-15T09:24:42.879108,1,dev2,2017-12-15T09:24:42.874670,1
dev1,2017-12-15T09:24:44.976721,0,dev2,2017-12-15T09:24:44.972215,0
dev1,2017-12-15T09:24:53.906809,1,dev2,2017-12-15T09:24:53.902469,1
dev1,2017-12-15T09:24:56.024884,0,dev2,2017-12-15T09:24:56.020512,0
dev1,2017-12-15T09:25:04.940459,1,dev2,2017-12-15T09:25:04.935802,1
dev1,2017-12-15T09:25:07.035013,0,dev2,2017-12-15T09:25:07.030481,0
dev1,2017-12-15T09:25:15.945029,1,dev2,2017-12-15T09:25:15.940597,1
dev1,2017-12-15T09:25:18.033871,0,dev2,2017-12-15T09:25:18.029254,0
dev1,2017-12-15T09:25:26.863002,1,dev2,2017-12-15T09:25:26.858571,1
dev1,2017-12-15T09:25:28.970636,0,dev2,2017-12-15T09:25:28.965799,0
dev1,2017-12-15T09:25:37.790382,1,dev2,2017-12-15T09:25:37.785835,1
dev1,2017-12-15T09:25:39.887600,0,dev2,2017-12-15T09:25:39.882811,0
dev1,2017-12-15T09:25:48.640211,1,dev2,2017-12-15T09:25:48.635607,1
dev1,2017-12-15T09:25:50.667456,0,dev2,2017-12-15T09:25:50.661075,0
dev1,2017-12-15T09:25:59.399944,1,dev2,2017-12-15T09:25:59.395490,1
dev1,2017-12-15T09:26:01.512781,0,dev2,2017-12-15T09:26:01.508182,0
dev1,2017-12-15T09:26:10.218436,1,dev2,2017-12-15T09:26:10.213832,1
dev1,2017-12-15T09:26:12.277709,0,dev2,2017-12-15T09:26:12.272462,0
dev1,2017-12-15T09:26:21.090398,1,dev2,2017-12-15T09:26:21.085905,1
dev1,2017-12-15T09:26:23.137764,0,dev2,2017-12-15T09:26:23.132832,0
dev1,2017-12-15T09:26:31.826533,1,dev2,2017-12-15T09:26:31.821507,1
dev1,2017-12-15T09:26:33.862702,0,dev2,2017-12-15T09:26:33.857792,0
dev1,2017-12-15T09:26:42.481526,1,dev2,2017-12-15T09:26:42.476944,1
dev1,2017-12-15T09:26:44.549431,0,dev2,2017-12-15T09:26:44.544967,0
dev1,2017-12-15T09:26:53.132760,1,dev2,2017-12-15T09:26:53.128224,1
dev1,2017-12-15T09:26:55.155678,0,dev2,2017-12-15T09:26:55.151162,0
dev1,2017-12-15T09:27:03.720816,1,dev2,2017-12-15T09:27:03.716333,1
dev1,2017-12-15T09:27:05.776648,0,dev2,2017-12-15T09:27:05.772147,0
dev1,2017-12-15T09:27:14.418085,1,dev2,2017-12-15T09:27:14.413523,1
dev1,2017-12-15T09:27:16.409804,0,dev2,2017-12-15T09:27:16.404755,0
dev1,2017-12-15T09:27:24.982634,1,dev2,2017-12-15T09:27:24.978077,1
dev1,2017-12-15T09:27:27.030849,0,dev2,2017-12-15T09:27:27.026137,0
dev1,2017-12-15T09:27:35.624893,1,dev2,2017-12-15T09:27:35.620450,1
dev1,2017-12-15T09:27:37.671919,0,dev2,2017-12-15T09:27:37.667326,0
dev1,2017-12-15T09:27:46.344711,1,dev2,2017-12-15T09:27:46.340221,1
dev1,2017-12-15T09:27:48.427195,0,dev2,2017-12-15T09:27:48.422382,0
dev1,2017-12-15T09:27:57.182961,1,dev2,2017-12-15T09:27:57.178588,1
dev1,2017-12-15T09:27:59.261612,0,dev2,2017-12-15T09:27:59.256610,0
dev1,2017-12-15T09:28:08.138912,1,dev2,2017-12-15T09:28:08.134321,1
dev1,2017-12-15T09:28:10.236460,0,dev2,2017-12-15T09:28:10.231476,0
dev1,2017-12-15T09:28:19.152153,1,dev2,2017-12-15T09:28:19.147573,1
dev1,2017-12-15T09:28:21.258858,0,dev2,2017-12-15T09:28:21.253873,0
dev1,2017-12-15T09:28:30.152827,1,dev2,2017-12-15T09:28:30.148304,1
dev1,2017-12-15T09:28:32.322519,0,dev2,2017-12-15T09:28:32.317599,0
dev1,2017-12-15T09:28:41.340739,1,dev2,2017-12-15T09:28:41.335885,1
dev1,2017-12-15T09:28:43.420938,0,dev2,2017-12-15T09:28:43.416148,0
dev1,2017-12-15T09:28:52.412634,1,dev2,2017-12-15T09:28:52.407923,1
dev1,2017-12-15T09:28:54.530360,0,dev2,2017-12-15T09:28:54.525900,0
dev1,2017-12-15T09:29:03.428222,1,dev2,2017-12-15T09:29:03.423686,1
dev1,2017-12-15T09:29:05.553482,0,dev2,2017-12-15T09:29:05.548520,0
dev1,2017-12-15T09:29:14.504381,1,dev2,2017-12-15T09:29:14.499998,1
dev1,2017-12-15T09:29:16.583677,0,dev2,2017-12-15T09:29:16.578959,0
dev1,2017-12-15T09:29:25.389090,1,dev2,2017-12-15T09:29:25.384607,1
dev1,2017-12-15T09:29:27.490633,0,dev2,2017-12-15T09:29:27.485702,0
dev1,2017-12-15T09:29:36.361770,1,dev2,2017-12-15T09:29:36.357230,1
dev1,2017-12-15T09:29:38.423860,0,dev2,2017-12-15T09:29:38.419105,0
dev1,2017-12-15T09:29:47.433423,1,dev2,2017-12-15T09:29:47.428527,1
dev1,2017-12-15T09:29:49.557364,0,dev2,2017-12-15T09:29:49.552406,0
dev1,2017-12-15T09:29:58.639250,1,dev2,2017-12-15T09:29:58.634758,1
dev1,2017-12-15T09:30:00.723720,0,dev2,2017-12-15T09:30:00.718677,0
dev1,2017-12-15T09:30:09.689390,1,dev2,2017-12-15T09:30:09.684854,1
dev1,2017-12-15T09:30:11.775263,0,dev2,2017-12-15T09:30:11.770505,0
dev1,2017-12-15T09:30:20.605314,1,dev2,2017-12-15T09:30:20.600707,1
dev1,2017-12-15T09:30:22.716277,0,dev2,2017-12-15T09:30:22.711500,0
dev1,2017-12-15T09:30:31.597083,1,dev2,2017-12-15T09:30:31.592428,1
dev1,2017-12-15T09:30:33.676401,0,dev2,2017-12-15T09:30:33.671807,0
dev1,2017-12-15T09:30:42.527211,1,dev2,2017-12-15T09:30:42.522633,1
dev1,2017-12-15T09:30:44.582507,0,dev2,2017-12-15T09:30:44.577888,0
dev1,2017-12-15T09:30:53.609217,1,dev2,2017-12-15T09:30:53.604630,1
dev1,2017-12-15T09:30:55.726348,0,dev2,2017-12-15T09:30:55.721260,0
dev1,2017-12-15T09:31:04.568266,1,dev2,2017-12-15T09:31:04.563665,1
dev1,2017-12-15T09:31:06.709052,0,dev2,2017-12-15T09:31:06.704561,0
dev1,2017-12-15T09:31:15.543104,1,dev2,2017-12-15T09:31:15.538642,1
dev1,2017-12-15T09:31:17.648566,0,dev2,2017-12-15T09:31:17.643460,0
dev1,2017-12-15T09:31:26.428198,1,dev2,2017-12-15T09:31:26.423603,1
dev1,2017-12-15T09:31:28.525159,0,dev2,2017-12-15T09:31:28.520173,0
dev1,2017-12-15T09:31:37.472795,1,dev2,2017-12-15T09:31:37.468155,1
dev1,2017-12-15T09:31:39.563966,0,dev2,2017-12-15T09:31:39.559049,0
dev1,2017-12-15T09:31:48.459165,1,dev2,2017-12-15T09:31:48.454239,1
dev1,2017-12-15T09:31:50.563097,0,dev2,2017-12-15T09:31:50.558441,0
dev1,2017-12-15T09:31:59.554437,1,dev2,2017-12-15T09:31:59.550194,1
dev1,2017-12-15T09:32:01.669114,0,dev2,2017-12-15T09:32:01.664199,0
dev1,2017-12-15T09:32:10.557384,1,dev2,2017-12-15T09:32:10.552607,1
dev1,2017-12-15T09:32:12.667107,0,dev2,2017-12-15T09:32:12.662459,0
dev1,2017-12-15T09:32:21.635566,1,dev2,2017-12-15T09:32:21.630939,1
dev1,2017-12-15T09:32:23.749798,0,dev2,2017-12-15T09:32:23.744033,0
dev1,2017-12-15T09:32:32.754168,1,dev2,2017-12-15T09:32:32.749215,1
dev1,2017-12-15T09:32:34.866758,0,dev2,2017-12-15T09:32:34.862029,0
dev1,2017-12-15T09:32:43.817234,1,dev2,2017-12-15T09:32:43.812286,1
dev1,2017-12-15T09:32:45.889676,0,dev2,2017-12-15T09:32:45.884614,0
dev1,2017-12-15T09:32:54.819866,1,dev2,2017-12-15T09:32:54.815260,1
dev1,2017-12-15T09:32:56.904665,0,dev2,2017-12-15T09:32:56.899629,0
dev1,2017-12-15T09:33:05.746626,1,dev2,2017-12-15T09:33:05.741952,1
dev1,2017-12-15T09:33:07.832890,0,dev2,2017-12-15T09:33:07.827693,0
dev1,2017-12-15T09:33:16.654874,1,dev2,2017-12-15T09:33:16.649952,1
dev1,2017-12-15T09:33:18.725790,0,dev2,2017-12-15T09:33:18.721128,0
dev1,2017-12-15T09:33:27.531906,1,dev2,2017-12-15T09:33:27.526886,1
dev1,2017-12-15T09:33:29.606916,0,dev2,2017-12-15T09:33:29.601799,0
dev1,2017-12-15T09:33:38.383822,1,dev2,2017-12-15T09:33:38.379162,1
dev1,2017-12-15T09:33:40.460750,0,dev2,2017-12-15T09:33:40.455897,0
dev1,2017-12-15T09:33:49.229191,1,dev2,2017-12-15T09:33:49.224108,1
dev1,2017-12-15T09:33:51.312564,0,dev2,2017-12-15T09:33:51.307481,0
dev1,2017-12-15T09:34:00.274924,1,dev2,2017-12-15T09:34:00.270305,1
dev1,2017-12-15T09:34:02.346296,0,dev2,2017-12-15T09:34:02.341433,0
dev1,2017-12-15T09:34:11.239261,1,dev2,2017-12-15T09:34:11.234648,1
dev1,2017-12-15T09:34:13.303282,0,dev2,2017-12-15T09:34:13.298398,0
dev1,2017-12-15T09:34:22.096204,1,dev2,2017-12-15T09:34:22.091231,1
dev1,2017-12-15T09:34:24.147892,0,dev2,2017-12-15T09:34:24.142879,0
dev1,2017-12-15T09:34:32.901809,1,dev2,2017-12-15T09:34:32.896923,1
dev1,2017-12-15T09:34:34.913951,0,dev2,2017-12-15T09:34:34.909284,0
dev1,2017-12-15T09:34:43.643766,1,dev2,2017-12-15T09:34:43.639061,1
dev1,2017-12-15T09:34:45.726815,0,dev2,2017-12-15T09:34:45.721753,0
dev1,2017-12-15T09:34:54.474527,1,dev2,2017-12-15T09:34:54.469853,1
dev1,2017-12-15T09:34:56.521107,0,dev2,2017-12-15T09:34:56.515377,0
dev1,2017-12-15T09:35:05.263202,1,dev2,2017-12-15T09:35:05.258499,1
dev1,2017-12-15T09:35:07.286430,0,dev2,2017-12-15T09:35:07.281275,0
dev1,2017-12-15T09:35:16.084834,1,dev2,2017-12-15T09:35:16.080110,1
dev1,2017-12-15T09:35:18.115191,0,dev2,2017-12-15T09:35:18.109950,0
dev1,2017-12-15T09:35:26.873525,1,dev2,2017-12-15T09:35:26.868667,1
dev1,2017-12-15T09:35:28.922436,0,dev2,2017-12-15T09:35:28.917437,0
dev1,2017-12-15T09:35:37.656068,1,dev2,2017-12-15T09:35:37.651439,1
dev1,2017-12-15T09:35:39.712259,0,dev2,2017-12-15T09:35:39.707305,0
dev1,2017-12-15T09:35:48.473499,1,dev2,2017-12-15T09:35:48.468460,1
dev1,2017-12-15T09:35:50.538130,0,dev2,2017-12-15T09:35:50.533051,0
dev1,2017-12-15T09:35:59.224696,1,dev2,2017-12-15T09:35:59.220004,1
dev1,2017-12-15T09:36:01.316121,0,dev2,2017-12-15T09:36:01.311228,0
dev1,2017-12-15T09:36:10.232642,1,dev2,2017-12-15T09:36:10.227684,1
dev1,2017-12-15T09:36:12.370100,0,dev2,2017-12-15T09:36:12.364756,0
dev1,2017-12-15T09:36:21.372225,1,dev2,2017-12-15T09:36:21.367360,1
dev1,2017-12-15T09:36:23.460212,0,dev2,2017-12-15T09:36:23.455191,0
dev1,2017-12-15T09:36:32.553487,1,dev2,2017-12-15T09:36:32.548687,1
dev1,2017-12-15T09:36:34.704599,0,dev2,2017-12-15T09:36:34.699653,0
dev1,2017-12-15T09:36:43.776137,1,dev2,2017-12-15T09:36:43.771156,1
dev1,2017-12-15T09:36:45.895595,0,dev2,2017-12-15T09:36:45.890213,0
dev1,2017-12-15T09:36:54.966385,1,dev2,2017-12-15T09:36:54.961448,1
dev1,2017-12-15T09:36:57.102326,0,dev2,2017-12-15T09:36:57.096166,0
dev1,2017-12-15T09:37:06.206849,1,dev2,2017-12-15T09:37:06.202015,1
dev1,2017-12-15T09:37:08.335992,0,dev2,2017-12-15T09:37:08.330687,0
dev1,2017-12-15T09:37:17.448250,1,dev2,2017-12-15T09:37:17.443369,1
dev1,2017-12-15T09:37:19.583589,0,dev2,2017-12-15T09:37:19.578195,0
dev1,2017-12-15T09:37:28.745365,1,dev2,2017-12-15T09:37:28.740677,1
dev1,2017-12-15T09:37:30.890844,0,dev2,2017-12-15T09:37:30.885700,0
dev1,2017-12-15T09:37:40.046503,1,dev2,2017-12-15T09:37:40.041222,1
dev1,2017-12-15T09:37:42.182503,0,dev2,2017-12-15T09:37:42.177640,0
dev1,2017-12-15T09:37:51.210581,1,dev2,2017-12-15T09:37:51.205796,1
dev1,2017-12-15T09:37:53.343092,0,dev2,2017-12-15T09:37:53.338154,0
dev1,2017-12-15T09:38:02.366534,1,dev2,2017-12-15T09:38:02.361839,1
dev1,2017-12-15T09:38:04.530166,0,dev2,2017-12-15T09:38:04.525157,0
dev1,2017-12-15T09:38:13.427993,1,dev2,2017-12-15T09:38:13.423063,1
dev1,2017-12-15T09:38:15.513811,0,dev2,2017-12-15T09:38:15.508849,0
dev1,2017-12-15T09:38:24.465809,1,dev2,2017-12-15T09:38:24.461221,1
dev1,2017-12-15T09:38:26.520260,0,dev2,2017-12-15T09:38:26.515310,0
dev1,2017-12-15T09:38:35.498157,1,dev2,2017-12-15T09:38:35.492696,1
dev1,2017-12-15T09:38:37.583472,0,dev2,2017-12-15T09:38:37.578368,0
dev1,2017-12-15T09:38:46.484495,1,dev2,2017-12-15T09:38:46.479384,1
dev1,2017-12-15T09:38:48.593809,0,dev2,2017-12-15T09:38:48.588528,0
dev1,2017-12-15T09:38:57.543104,1,dev2,2017-12-15T09:38:57.538078,1
dev1,2017-12-15T09:38:59.641585,0,dev2,2017-12-15T09:38:59.636831,0
dev1,2017-12-15T09:39:08.644614,1,dev2,2017-12-15T09:39:08.639709,1
dev1,2017-12-15T09:39:10.829286,0,dev2,2017-12-15T09:39:10.823304,0
dev1,2017-12-15T09:39:19.904280,1,dev2,2017-12-15T09:39:19.899156,1
dev1,2017-12-15T09:39:22.065214,0,dev2,2017-12-15T09:39:22.059597,0
dev1,2017-12-15T09:39:31.200062,1,dev2,2017-12-15T09:39:31.195228,1
dev1,2017-12-15T09:39:33.340563,0,dev2,2017-12-15T09:39:33.335183,0
dev1,2017-12-15T09:39:42.478926,1,dev2,2017-12-15T09:39:42.474066,1
dev1,2017-12-15T09:39:44.660726,0,dev2,2017-12-15T09:39:44.655827,0
dev1,2017-12-15T09:39:53.946202,1,dev2,2017-12-15T09:39:53.941168,1
dev1,2017-12-15T09:39:56.118612,0,dev2,2017-12-15T09:39:56.113147,0
dev1,2017-12-15T09:40:05.293537,1,dev2,2017-12-15T09:40:05.288530,1
dev1,2017-12-15T09:40:07.440719,0,dev2,2017-12-15T09:40:07.435616,0
dev1,2017-12-15T09:40:16.671970,1,dev2,2017-12-15T09:40:16.667031,1
dev1,2017-12-15T09:40:18.853412,0,dev2,2017-12-15T09:40:18.848351,0
dev1,2017-12-15T09:40:28.038643,1,dev2,2017-12-15T09:40:28.034021,1
dev1,2017-12-15T09:40:30.116568,0,dev2,2017-12-15T09:40:30.111420,0
dev1,2017-12-15T09:40:39.434185,1,dev2,2017-12-15T09:40:39.429290,1
dev1,2017-12-15T09:40:41.602629,0,dev2,2017-12-15T09:40:41.597704,0
dev1,2017-12-15T09:40:50.862956,1,dev2,2017-12-15T09:40:50.858191,1
dev1,2017-12-15T09:40:53.085744,0,dev2,2017-12-15T09:40:53.080824,0
dev1,2017-12-15T09:41:02.323515,1,dev2,2017-12-15T09:41:02.318575,1
dev1,2017-12-15T09:41:04.516284,0,dev2,2017-12-15T09:41:04.511038,0
dev1,2017-12-15T09:41:13.687549,1,dev2,2017-12-15T09:41:13.682546,1
dev1,2017-12-15T09:41:15.844835,0,dev2,2017-12-15T09:41:15.839900,0
dev1,2017-12-15T09:41:25.041529,1,dev2,2017-12-15T09:41:25.036920,1
dev1,2017-12-15T09:41:27.203609,0,dev2,2017-12-15T09:41:27.198707,0
dev1,2017-12-15T09:41:36.628606,1,dev2,2017-12-15T09:41:36.623745,1
dev1,2017-12-15T09:41:38.845221,0,dev2,2017-12-15T09:41:38.840104,0
dev1,2017-12-15T09:41:48.339713,1,dev2,2017-12-15T09:41:48.334474,1
dev1,2017-12-15T09:41:50.616280,0,dev2,2017-12-15T09:41:50.609558,0
dev1,2017-12-15T09:42:00.164964,1,dev2,2017-12-15T09:42:00.160245,1
dev1,2017-12-15T09:42:02.366276,0,dev2,2017-12-15T09:42:02.361128,0
dev1,2017-12-15T09:42:11.762927,1,dev2,2017-12-15T09:42:11.757546,1
dev1,2017-12-15T09:42:13.964303,0,dev2,2017-12-15T09:42:13.958961,0
dev1,2017-12-15T09:42:23.366780,1,dev2,2017-12-15T09:42:23.361952,1
dev1,2017-12-15T09:42:25.602684,0,dev2,2017-12-15T09:42:25.597093,0
dev1,2017-12-15T09:42:35.105277,1,dev2,2017-12-15T09:42:35.100389,1
dev1,2017-12-15T09:42:37.304925,0,dev2,2017-12-15T09:42:37.299898,0
dev1,2017-12-15T09:42:46.937545,1,dev2,2017-12-15T09:42:46.932689,1
dev1,2017-12-15T09:42:49.197448,0,dev2,2017-12-15T09:42:49.192302,0
dev1,2017-12-15T09:42:58.902372,1,dev2,2017-12-15T09:42:58.897269,1
dev1,2017-12-15T09:43:01.205831,0,dev2,2017-12-15T09:43:01.201006,0
dev1,2017-12-15T09:43:11.014741,1,dev2,2017-12-15T09:43:11.009830,1
dev1,2017-12-15T09:43:13.322326,0,dev2,2017-12-15T09:43:13.317379,0
dev1,2017-12-15T09:43:23.007573,1,dev2,2017-12-15T09:43:23.002582,1
dev1,2017-12-15T09:43:25.220095,0,dev2,2017-12-15T09:43:25.215193,0
dev1,2017-12-15T09:43:34.863432,1,dev2,2017-12-15T09:43:34.858492,1
dev1,2017-12-15T09:43:37.120377,0,dev2,2017-12-15T09:43:37.114347,0
dev1,2017-12-15T09:43:46.659975,1,dev2,2017-12-15T09:43:46.654968,1
dev1,2017-12-15T09:43:49.029921,0,dev2,2017-12-15T09:43:49.024907,0
dev1,2017-12-15T09:43:58.752654,1,dev2,2017-12-15T09:43:58.747790,1
dev1,2017-12-15T09:44:01.037901,0,dev2,2017-12-15T09:44:01.032603,0
dev1,2017-12-15T09:44:10.731348,1,dev2,2017-12-15T09:44:10.726202,1
dev1,2017-12-15T09:44:12.976325,0,dev2,2017-12-15T09:44:12.971481,0
dev1,2017-12-15T09:44:22.644574,1,dev2,2017-12-15T09:44:22.639376,1
dev1,2017-12-15T09:44:24.881644,0,dev2,2017-12-15T09:44:24.876495,0
dev1,2017-12-15T09:44:34.367384,1,dev2,2017-12-15T09:44:34.362336,1
dev1,2017-12-15T09:44:36.645748,0,dev2,2017-12-15T09:44:36.640684,0
dev1,2017-12-15T09:44:46.438867,1,dev2,2017-12-15T09:44:46.433652,1
dev1,2017-12-15T09:44:48.694740,0,dev2,2017-12-15T09:44:48.689814,0
dev1,2017-12-15T09:44:58.289185,1,dev2,2017-12-15T09:44:58.284172,1
dev1,2017-12-15T09:45:00.520402,0,dev2,2017-12-15T09:45:00.515181,0
dev1,2017-12-15T09:45:10.091739,1,dev2,2017-12-15T09:45:10.086631,1
dev1,2017-12-15T09:45:12.349180,0,dev2,2017-12-15T09:45:12.343724,0
dev1,2017-12-15T09:45:21.929372,1,dev2,2017-12-15T09:45:21.924147,1
dev1,2017-12-15T09:45:24.137908,0,dev2,2017-12-15T09:45:24.132738,0
dev1,2017-12-15T09:45:33.590962,1,dev2,2017-12-15T09:45:33.586115,1
dev1,2017-12-15T09:45:35.786069,0,dev2,2017-12-15T09:45:35.780706,0
dev1,2017-12-15T09:45:45.124508,1,dev2,2017-12-15T09:45:45.119370,1
dev1,2017-12-15T09:45:47.338749,0,dev2,2017-12-15T09:45:47.333238,0
dev1,2017-12-15T09:45:56.712793,1,dev2,2017-12-15T09:45:56.707598,1
dev1,2017-12-15T09:45:58.918614,0,dev2,2017-12-15T09:45:58.913704,0
dev1,2017-12-15T09:46:08.162215,1,dev2,2017-12-15T09:46:08.157215,1
dev1,2017-12-15T09:46:10.309309,0,dev2,2017-12-15T09:46:10.303683,0
dev1,2017-12-15T09:46:19.596079,1,dev2,2017-12-15T09:46:19.590992,1
dev1,2017-12-15T09:46:21.761155,0,dev2,2017-12-15T09:46:21.755643,0
dev1,2017-12-15T09:46:30.998316,1,dev2,2017-12-15T09:46:30.993227,1
dev1,2017-12-15T09:46:33.172661,0,dev2,2017-12-15T09:46:33.167515,0
dev1,2017-12-15T09:46:42.431156,1,dev2,2017-12-15T09:46:42.426303,1
dev1,2017-12-15T09:46:44.568283,0,dev2,2017-12-15T09:46:44.562878,0
dev1,2017-12-15T09:46:53.750903,1,dev2,2017-12-15T09:46:53.745486,1
dev1,2017-12-15T09:46:55.944344,0,dev2,2017-12-15T09:46:55.939864,0
dev1,2017-12-15T09:47:05.123578,1,dev2,2017-12-15T09:47:05.118376,1
dev1,2017-12-15T09:47:07.337336,0,dev2,2017-12-15T09:47:07.331997,0
dev1,2017-12-15T09:47:16.395796,1,dev2,2017-12-15T09:47:16.390531,1
dev1,2017-12-15T09:47:18.558323,0,dev2,2017-12-15T09:47:18.553043,0
dev1,2017-12-15T09:47:27.698767,1,dev2,2017-12-15T09:47:27.693630,1
dev1,2017-12-15T09:47:29.865784,0,dev2,2017-12-15T09:47:29.860220,0
dev1,2017-12-15T09:47:38.880792,1,dev2,2017-12-15T09:47:38.875782,1
dev1,2017-12-15T09:47:41.017883,0,dev2,2017-12-15T09:47:41.012369,0
dev1,2017-12-15T09:47:50.222540,1,dev2,2017-12-15T09:47:50.217275,1
dev1,2017-12-15T09:47:52.383126,0,dev2,2017-12-15T09:47:52.378038,0
dev1,2017-12-15T09:48:01.537725,1,dev2,2017-12-15T09:48:01.532680,1
dev1,2017-12-15T09:48:03.691871,0,dev2,2017-12-15T09:48:03.686333,0
dev1,2017-12-15T09:48:12.934254,1,dev2,2017-12-15T09:48:12.929039,1
dev1,2017-12-15T09:48:15.155056,0,dev2,2017-12-15T09:48:15.149938,0
dev1,2017-12-15T09:48:24.321013,1,dev2,2017-12-15T09:48:24.316017,1
dev1,2017-12-15T09:48:26.492452,0,dev2,2017-12-15T09:48:26.487357,0
dev1,2017-12-15T09:48:35.644823,1,dev2,2017-12-15T09:48:35.639279,1
dev1,2017-12-15T09:48:37.825111,0,dev2,2017-12-15T09:48:37.819850,0
dev1,2017-12-15T09:48:47.020991,1,dev2,2017-12-15T09:48:47.015734,1
dev1,2017-12-15T09:48:49.155698,0,dev2,2017-12-15T09:48:49.150424,0
dev1,2017-12-15T09:48:58.323109,1,dev2,2017-12-15T09:48:58.317807,1
dev1,2017-12-15T09:49:00.444077,0,dev2,2017-12-15T09:49:00.438630,0
dev1,2017-12-15T09:49:09.587536,1,dev2,2017-12-15T09:49:09.582555,1
dev1,2017-12-15T09:49:11.725237,0,dev2,2017-12-15T09:49:11.719036,0
dev1,2017-12-15T09:49:20.823991,1,dev2,2017-12-15T09:49:20.818991,1
dev1,2017-12-15T09:49:23.013784,0,dev2,2017-12-15T09:49:23.008760,0
dev1,2017-12-15T09:49:32.090471,1,dev2,2017-12-15T09:49:32.085248,1
dev1,2017-12-15T09:49:34.229323,0,dev2,2017-12-15T09:49:34.223725,0
dev1,2017-12-15T09:49:43.426566,1,dev2,2017-12-15T09:49:43.421333,1
dev1,2017-12-15T09:49:45.564447,0,dev2,2017-12-15T09:49:45.559220,0
dev1,2017-12-15T09:49:54.573778,1,dev2,2017-12-15T09:49:54.568680,1
dev1,2017-12-15T09:49:56.705402,0,dev2,2017-12-15T09:49:56.700285,0
dev1,2017-12-15T09:50:05.726195,1,dev2,2017-12-15T09:50:05.720963,1
dev1,2017-12-15T09:50:07.870541,0,dev2,2017-12-15T09:50:07.865300,0
dev1,2017-12-15T09:50:16.974709,1,dev2,2017-12-15T09:50:16.969569,1
dev1,2017-12-15T09:50:19.096581,0,dev2,2017-12-15T09:50:19.090876,0
dev1,2017-12-15T09:50:28.156282,1,dev2,2017-12-15T09:50:28.151102,1
dev1,2017-12-15T09:50:30.294887,0,dev2,2017-12-15T09:50:30.289662,0
dev1,2017-12-15T09:50:39.417778,1,dev2,2017-12-15T09:50:39.412657,1
dev1,2017-12-15T09:50:41.536933,0,dev2,2017-12-15T09:50:41.531279,0
dev1,2017-12-15T09:50:50.582358,1,dev2,2017-12-15T09:50:50.577213,1
dev1,2017-12-15T09:50:52.702023,0,dev2,2017-12-15T09:50:52.696448,0
dev1,2017-12-15T09:51:01.798406,1,dev2,2017-12-15T09:51:01.792938,1
dev1,2017-12-15T09:51:03.924453,0,dev2,2017-12-15T09:51:03.919245,0
dev1,2017-12-15T09:51:13.104958,1,dev2,2017-12-15T09:51:13.099424,1
dev1,2017-12-15T09:51:15.278169,0,dev2,2017-12-15T09:51:15.272242,0
dev1,2017-12-15T09:51:24.470501,1,dev2,2017-12-15T09:51:24.465122,1
dev1,2017-12-15T09:51:26.646541,0,dev2,2017-12-15T09:51:26.641206,0
dev1,2017-12-15T09:51:35.874650,1,dev2,2017-12-15T09:51:35.869379,1
dev1,2017-12-15T09:51:38.069683,0,dev2,2017-12-15T09:51:38.064152,0
dev1,2017-12-15T09:51:47.253012,1,dev2,2017-12-15T09:51:47.248002,1
dev1,2017-12-15T09:51:49.382400,0,dev2,2017-12-15T09:51:49.376129,0
dev1,2017-12-15T09:51:58.508299,1,dev2,2017-12-15T09:51:58.502931,1
dev1,2017-12-15T09:52:00.671394,0,dev2,2017-12-15T09:52:00.666215,0
dev1,2017-12-15T09:52:09.707348,1,dev2,2017-12-15T09:52:09.702117,1
dev1,2017-12-15T09:52:11.829370,0,dev2,2017-12-15T09:52:11.824134,0
dev1,2017-12-15T09:52:20.960783,1,dev2,2017-12-15T09:52:20.955795,1
dev1,2017-12-15T09:52:23.090280,0,dev2,2017-12-15T09:52:23.084990,0
dev1,2017-12-15T09:52:32.173811,1,dev2,2017-12-15T09:52:32.168676,1
dev1,2017-12-15T09:52:34.303136,0,dev2,2017-12-15T09:52:34.297785,0
dev1,2017-12-15T09:52:43.311291,1,dev2,2017-12-15T09:52:43.306145,1
dev1,2017-12-15T09:52:45.434740,0,dev2,2017-12-15T09:52:45.429540,0
dev1,2017-12-15T09:52:54.543082,1,dev2,2017-12-15T09:52:54.537782,1
dev1,2017-12-15T09:52:56.706579,0,dev2,2017-12-15T09:52:56.701339,0
dev1,2017-12-15T09:53:05.808649,1,dev2,2017-12-15T09:53:05.803151,1
dev1,2017-12-15T09:53:07.979789,0,dev2,2017-12-15T09:53:07.974645,0
dev1,2017-12-15T09:53:17.051976,1,dev2,2017-12-15T09:53:17.046891,1
dev1,2017-12-15T09:53:19.197468,0,dev2,2017-12-15T09:53:19.192151,0
dev1,2017-12-15T09:53:28.413007,1,dev2,2017-12-15T09:53:28.407692,1
dev1,2017-12-15T09:53:30.539475,0,dev2,2017-12-15T09:53:30.534149,0
dev1,2017-12-15T09:53:39.730242,1,dev2,2017-12-15T09:53:39.725073,1
dev1,2017-12-15T09:53:41.910083,0,dev2,2017-12-15T09:53:41.904810,0
dev1,2017-12-15T09:53:51.025811,1,dev2,2017-12-15T09:53:51.020582,1
dev1,2017-12-15T09:53:53.156432,0,dev2,2017-12-15T09:53:53.150667,0
dev1,2017-12-15T09:54:02.377240,1,dev2,2017-12-15T09:54:02.372311,1
dev1,2017-12-15T09:54:04.527996,0,dev2,2017-12-15T09:54:04.522551,0
dev1,2017-12-15T09:54:13.836250,1,dev2,2017-12-15T09:54:13.830982,1
dev1,2017-12-15T09:54:16.074866,0,dev2,2017-12-15T09:54:16.068935,0
dev1,2017-12-15T09:54:25.415581,1,dev2,2017-12-15T09:54:25.410030,1
dev1,2017-12-15T09:54:27.608285,0,dev2,2017-12-15T09:54:27.602544,0
dev1,2017-12-15T09:54:36.944693,1,dev2,2017-12-15T09:54:36.939411,1
dev1,2017-12-15T09:54:39.148125,0,dev2,2017-12-15T09:54:39.142933,0
dev1,2017-12-15T09:54:48.376572,1,dev2,2017-12-15T09:54:48.371256,1
dev1,2017-12-15T09:54:50.527925,0,dev2,2017-12-15T09:54:50.522677,0
dev1,2017-12-15T09:54:59.734723,1,dev2,2017-12-15T09:54:59.729180,1
dev1,2017-12-15T09:55:01.882663,0,dev2,2017-12-15T09:55:01.877329,0
dev1,2017-12-15T09:55:11.032503,1,dev2,2017-12-15T09:55:11.027159,1
dev1,2017-12-15T09:55:13.249422,0,dev2,2017-12-15T09:55:13.244215,0
dev1,2017-12-15T09:55:22.419600,1,dev2,2017-12-15T09:55:22.414219,1
dev1,2017-12-15T09:55:24.543844,0,dev2,2017-12-15T09:55:24.538039,0
dev1,2017-12-15T09:55:33.886195,1,dev2,2017-12-15T09:55:33.880752,1
dev1,2017-12-15T09:55:36.100056,0,dev2,2017-12-15T09:55:36.094692,0
dev1,2017-12-15T09:55:45.334111,1,dev2,2017-12-15T09:55:45.328783,1
dev1,2017-12-15T09:55:47.449905,0,dev2,2017-12-15T09:55:47.444551,0
dev1,2017-12-15T09:55:56.636435,1,dev2,2017-12-15T09:55:56.631082,1
dev1,2017-12-15T09:55:58.844465,0,dev2,2017-12-15T09:55:58.839168,0
dev1,2017-12-15T09:56:07.970825,1,dev2,2017-12-15T09:56:07.965594,1
dev1,2017-12-15T09:56:10.189815,0,dev2,2017-12-15T09:56:10.184481,0
dev1,2017-12-15T09:56:19.400518,1,dev2,2017-12-15T09:56:19.395082,1
dev1,2017-12-15T09:56:21.570309,0,dev2,2017-12-15T09:56:21.564402,0
dev1,2017-12-15T09:56:30.860565,1,dev2,2017-12-15T09:56:30.855273,1
dev1,2017-12-15T09:56:33.040021,0,dev2,2017-12-15T09:56:33.034524,0
dev1,2017-12-15T09:56:42.441841,1,dev2,2017-12-15T09:56:42.436341,1
dev1,2017-12-15T09:56:44.595787,0,dev2,2017-12-15T09:56:44.590535,0
dev1,2017-12-15T09:56:53.975976,1,dev2,2017-12-15T09:56:53.970512,1
dev1,2017-12-15T09:56:56.132032,0,dev2,2017-12-15T09:56:56.126677,0
dev1,2017-12-15T09:57:05.403243,1,dev2,2017-12-15T09:57:05.397874,1
dev1,2017-12-15T09:57:07.543523,0,dev2,2017-12-15T09:57:07.537918,0
dev1,2017-12-15T09:57:16.909819,1,dev2,2017-12-15T09:57:16.904198,1
dev1,2017-12-15T09:57:19.079940,0,dev2,2017-12-15T09:57:19.074498,0
dev1,2017-12-15T09:57:28.421811,1,dev2,2017-12-15T09:57:28.416225,1
dev1,2017-12-15T09:57:30.628690,0,dev2,2017-12-15T09:57:30.623290,0
dev1,2017-12-15T09:57:40.004239,1,dev2,2017-12-15T09:57:39.998784,1
dev1,2017-12-15T09:57:42.193579,0,dev2,2017-12-15T09:57:42.187860,0
dev1,2017-12-15T09:57:51.449938,1,dev2,2017-12-15T09:57:51.444422,1
dev1,2017-12-15T09:57:53.623970,0,dev2,2017-12-15T09:57:53.618363,0
dev1,2017-12-15T09:58:02.925306,1,dev2,2017-12-15T09:58:02.919769,1
dev1,2017-12-15T09:58:05.153329,0,dev2,2017-12-15T09:58:05.147486,0
dev1,2017-12-15T09:58:14.460384,1,dev2,2017-12-15T09:58:14.454837,1
dev1,2017-12-15T09:58:16.655245,0,dev2,2017-12-15T09:58:16.649700,0
dev1,2017-12-15T09:58:25.960695,1,dev2,2017-12-15T09:58:25.954666,1
dev1,2017-12-15T09:58:28.145580,0,dev2,2017-12-15T09:58:28.140190,0
dev1,2017-12-15T09:58:37.409725,1,dev2,2017-12-15T09:58:37.404209,1
dev1,2017-12-15T09:58:39.540338,0,dev2,2017-12-15T09:58:39.535022,0
dev1,2017-12-15T09:58:48.681675,1,dev2,2017-12-15T09:58:48.676406,1
dev1,2017-12-15T09:58:50.829147,0,dev2,2017-12-15T09:58:50.823816,0
dev1,2017-12-15T09:58:59.930063,1,dev2,2017-12-15T09:58:59.924774,1
dev1,2017-12-15T09:59:02.154576,0,dev2,2017-12-15T09:59:02.149090,0
dev1,2017-12-15T09:59:11.220489,1,dev2,2017-12-15T09:59:11.215013,1
dev1,2017-12-15T09:59:13.351946,0,dev2,2017-12-15T09:59:13.346588,0
dev1,2017-12-15T09:59:22.687806,1,dev2,2017-12-15T09:59:22.682556,1
dev1,2017-12-15T09:59:24.842488,0,dev2,2017-12-15T09:59:24.836995,0
dev1,2017-12-15T09:59:34.113922,1,dev2,2017-12-15T09:59:34.108620,1
dev1,2017-12-15T09:59:36.264417,0,dev2,2017-12-15T09:59:36.259094,0
dev1,2017-12-15T09:59:45.394971,1,dev2,2017-12-15T09:59:45.389731,1
dev1,2017-12-15T09:59:47.557538,0,dev2,2017-12-15T09:59:47.552056,0
dev1,2017-12-15T09:59:56.635114,1,dev2,2017-12-15T09:59:56.629436,1
dev1,2017-12-15T09:59:58.699400,0,dev2,2017-12-15T09:59:58.694135,0
dev1,2017-12-15T10:00:07.734199,1,dev2,2017-12-15T10:00:07.728741,1
dev1,2017-12-15T10:00:09.862121,0,dev2,2017-12-15T10:00:09.856534,0
dev1,2017-12-15T10:00:18.892399,1,dev2,2017-12-15T10:00:18.887004,1
dev1,2017-12-15T10:00:21.033794,0,dev2,2017-12-15T10:00:21.028113,0
dev1,2017-12-15T10:00:30.008182,1,dev2,2017-12-15T10:00:30.002844,1
dev1,2017-12-15T10:00:32.111509,0,dev2,2017-12-15T10:00:32.105879,0
dev1,2017-12-15T10:00:41.117812,1,dev2,2017-12-15T10:00:41.112347,1
dev1,2017-12-15T10:00:43.191419,0,dev2,2017-12-15T10:00:43.185898,0
dev1,2017-12-15T10:00:52.277826,1,dev2,2017-12-15T10:00:52.272456,1
dev1,2017-12-15T10:00:54.393615,0,dev2,2017-12-15T10:00:54.387747,0
dev1,2017-12-15T10:01:03.563097,1,dev2,2017-12-15T10:01:03.557600,1
dev1,2017-12-15T10:01:05.694137,0,dev2,2017-12-15T10:01:05.688399,0
dev1,2017-12-15T10:01:14.771498,1,dev2,2017-12-15T10:01:14.766019,1
dev1,2017-12-15T10:01:16.872171,0,dev2,2017-12-15T10:01:16.866272,0
dev1,2017-12-15T10:01:25.972506,1,dev2,2017-12-15T10:01:25.967030,1
dev1,2017-12-15T10:01:28.060695,0,dev2,2017-12-15T10:01:28.055252,0
dev1,2017-12-15T10:01:37.202957,1,dev2,2017-12-15T10:01:37.197515,1
dev1,2017-12-15T10:01:39.378823,0,dev2,2017-12-15T10:01:39.373140,0
dev1,2017-12-15T10:01:48.503410,1,dev2,2017-12-15T10:01:48.497932,1
dev1,2017-12-15T10:01:50.674904,0,dev2,2017-12-15T10:01:50.669459,0
dev1,2017-12-15T10:01:59.947924,1,dev2,2017-12-15T10:01:59.942434,1
dev1,2017-12-15T10:02:02.140875,0,dev2,2017-12-15T10:02:02.134698,0
dev1,2017-12-15T10:02:11.356541,1,dev2,2017-12-15T10:02:11.350946,1
dev1,2017-12-15T10:02:13.483825,0,dev2,2017-12-15T10:02:13.478365,0
dev1,2017-12-15T10:02:22.791707,1,dev2,2017-12-15T10:02:22.786145,1
dev1,2017-12-15T10:02:24.992522,0,dev2,2017-12-15T10:02:24.986483,0
dev1,2017-12-15T10:02:34.313590,1,dev2,2017-12-15T10:02:34.307912,1
dev1,2017-12-15T10:02:36.521279,0,dev2,2017-12-15T10:02:36.515435,0
dev1,2017-12-15T10:02:46.000356,1,dev2,2017-12-15T10:02:45.994871,1
dev1,2017-12-15T10:02:48.209169,0,dev2,2017-12-15T10:02:48.203508,0
dev1,2017-12-15T10:02:57.622526,1,dev2,2017-12-15T10:02:57.617014,1
dev1,2017-12-15T10:02:59.849816,0,dev2,2017-12-15T10:02:59.844052,0
dev1,2017-12-15T10:03:09.297067,1,dev2,2017-12-15T10:03:09.291715,1
dev1,2017-12-15T10:03:11.494855,0,dev2,2017-12-15T10:03:11.489325,0
dev1,2017-12-15T10:03:20.867996,1,dev2,2017-12-15T10:03:20.862516,1
dev1,2017-12-15T10:03:23.044733,0,dev2,2017-12-15T10:03:23.038911,0
dev1,2017-12-15T10:03:32.350038,1,dev2,2017-12-15T10:03:32.344323,1
dev1,2017-12-15T10:03:34.480874,0,dev2,2017-12-15T10:03:34.474984,0
dev1,2017-12-15T10:03:43.647788,1,dev2,2017-12-15T10:03:43.642269,1
dev1,2017-12-15T10:03:45.798136,0,dev2,2017-12-15T10:03:45.791516,0
dev1,2017-12-15T10:03:55.222640,1,dev2,2017-12-15T10:03:55.217122,1
dev1,2017-12-15T10:03:57.391033,0,dev2,2017-12-15T10:03:57.385063,0
dev1,2017-12-15T10:04:06.839764,1,dev2,2017-12-15T10:04:06.834074,1
dev1,2017-12-15T10:04:09.023778,0,dev2,2017-12-15T10:04:09.018112,0
dev1,2017-12-15T10:04:18.181321,1,dev2,2017-12-15T10:04:18.175879,1
dev1,2017-12-15T10:04:20.377333,0,dev2,2017-12-15T10:04:20.370752,0
dev1,2017-12-15T10:04:29.623069,1,dev2,2017-12-15T10:04:29.617571,1
dev1,2017-12-15T10:04:31.772318,0,dev2,2017-12-15T10:04:31.765575,0
dev1,2017-12-15T10:04:40.939949,1,dev2,2017-12-15T10:04:40.934410,1
dev1,2017-12-15T10:04:43.069307,0,dev2,2017-12-15T10:04:43.063145,0
dev1,2017-12-15T10:04:52.103235,1,dev2,2017-12-15T10:04:52.097516,1
dev1,2017-12-15T10:04:54.266919,0,dev2,2017-12-15T10:04:54.260976,0
dev1,2017-12-15T10:05:03.495162,1,dev2,2017-12-15T10:05:03.489247,1
dev1,2017-12-15T10:05:05.671521,0,dev2,2017-12-15T10:05:05.665945,0
dev1,2017-12-15T10:05:14.881371,1,dev2,2017-12-15T10:05:14.875813,1
dev1,2017-12-15T10:05:17.079504,0,dev2,2017-12-15T10:05:17.073828,0
dev1,2017-12-15T10:05:26.471740,1,dev2,2017-12-15T10:05:26.466023,1
dev1,2017-12-15T10:05:28.650492,0,dev2,2017-12-15T10:05:28.644877,0
dev1,2017-12-15T10:05:37.910068,1,dev2,2017-12-15T10:05:37.904335,1
dev1,2017-12-15T10:05:40.081412,0,dev2,2017-12-15T10:05:40.075647,0
dev1,2017-12-15T10:05:49.386701,1,dev2,2017-12-15T10:05:49.380885,1
dev1,2017-12-15T10:05:51.570389,0,dev2,2017-12-15T10:05:51.564716,0
dev1,2017-12-15T10:06:00.963108,1,dev2,2017-12-15T10:06:00.957377,1
dev1,2017-12-15T10:06:03.147984,0,dev2,2017-12-15T10:06:03.141971,0
dev1,2017-12-15T10:06:12.418300,1,dev2,2017-12-15T10:06:12.412547,1
dev1,2017-12-15T10:06:14.600609,0,dev2,2017-12-15T10:06:14.594867,0
dev1,2017-12-15T10:06:23.966957,1,dev2,2017-12-15T10:06:23.961285,1
dev1,2017-12-15T10:06:26.168250,0,dev2,2017-12-15T10:06:26.162362,0
dev1,2017-12-15T10:06:35.682036,1,dev2,2017-12-15T10:06:35.676192,1
dev1,2017-12-15T10:06:37.902853,0,dev2,2017-12-15T10:06:37.896867,0
dev1,2017-12-15T10:06:47.387097,1,dev2,2017-12-15T10:06:47.381506,1
dev1,2017-12-15T10:06:49.610216,0,dev2,2017-12-15T10:06:49.604084,0
dev1,2017-12-15T10:06:59.087519,1,dev2,2017-12-15T10:06:59.082032,1
dev1,2017-12-15T10:07:01.270707,0,dev2,2017-12-15T10:07:01.265000,0
dev1,2017-12-15T10:07:10.687633,1,dev2,2017-12-15T10:07:10.682061,1
dev1,2017-12-15T10:07:12.852732,0,dev2,2017-12-15T10:07:12.846643,0
dev1,2017-12-15T10:07:22.217092,1,dev2,2017-12-15T10:07:22.211303,1
dev1,2017-12-15T10:07:24.415011,0,dev2,2017-12-15T10:07:24.409332,0
dev1,2017-12-15T10:07:33.799203,1,dev2,2017-12-15T10:07:33.793676,1
dev1,2017-12-15T10:07:35.974087,0,dev2,2017-12-15T10:07:35.968283,0
dev1,2017-12-15T10:07:45.438046,1,dev2,2017-12-15T10:07:45.432441,1
dev1,2017-12-15T10:07:47.591647,0,dev2,2017-12-15T10:07:47.585546,0
dev1,2017-12-15T10:07:56.857244,1,dev2,2017-12-15T10:07:56.851868,1
dev1,2017-12-15T10:07:59.043552,0,dev2,2017-12-15T10:07:59.037836,0
dev1,2017-12-15T10:08:08.274344,1,dev2,2017-12-15T10:08:08.268835,1
dev1,2017-12-15T10:08:10.450768,0,dev2,2017-12-15T10:08:10.444710,0
dev1,2017-12-15T10:08:19.960489,1,dev2,2017-12-15T10:08:19.955067,1
dev1,2017-12-15T10:08:22.222889,0,dev2,2017-12-15T10:08:22.217199,0
dev1,2017-12-15T10:08:31.757045,1,dev2,2017-12-15T10:08:31.751198,1
dev1,2017-12-15T10:08:33.993777,0,dev2,2017-12-15T10:08:33.987658,0
dev1,2017-12-15T10:08:43.437828,1,dev2,2017-12-15T10:08:43.432231,1
dev1,2017-12-15T10:08:45.660079,0,dev2,2017-12-15T10:08:45.654034,0
dev1,2017-12-15T10:08:55.007483,1,dev2,2017-12-15T10:08:55.001870,1
dev1,2017-12-15T10:08:57.215661,0,dev2,2017-12-15T10:08:57.209431,0
dev1,2017-12-15T10:09:06.500528,1,dev2,2017-12-15T10:09:06.494925,1
dev1,2017-12-15T10:09:08.636094,0,dev2,2017-12-15T10:09:08.630256,0
dev1,2017-12-15T10:09:17.916880,1,dev2,2017-12-15T10:09:17.911216,1
dev1,2017-12-15T10:09:20.085981,0,dev2,2017-12-15T10:09:20.080076,0
dev1,2017-12-15T10:09:29.246949,1,dev2,2017-12-15T10:09:29.241005,1
dev1,2017-12-15T10:09:31.384151,0,dev2,2017-12-15T10:09:31.378360,0
dev1,2017-12-15T10:09:40.622096,1,dev2,2017-12-15T10:09:40.616654,1
dev1,2017-12-15T10:09:42.796667,0,dev2,2017-12-15T10:09:42.790951,0
dev1,2017-12-15T10:09:51.934708,1,dev2,2017-12-15T10:09:51.928726,1
dev1,2017-12-15T10:09:54.077267,0,dev2,2017-12-15T10:09:54.071475,0
dev1,2017-12-15T10:10:03.290298,1,dev2,2017-12-15T10:10:03.284452,1
dev1,2017-12-15T10:10:05.484314,0,dev2,2017-12-15T10:10:05.478266,0
dev1,2017-12-15T10:10:14.615682,1,dev2,2017-12-15T10:10:14.610173,1
dev1,2017-12-15T10:10:16.749791,0,dev2,2017-12-15T10:10:16.744048,0
dev1,2017-12-15T10:10:25.843483,1,dev2,2017-12-15T10:10:25.837767,1
dev1,2017-12-15T10:10:27.953125,0,dev2,2017-12-15T10:10:27.947256,0
dev1,2017-12-15T10:10:37.063261,1,dev2,2017-12-15T10:10:37.057445,1
dev1,2017-12-15T10:10:39.219828,0,dev2,2017-12-15T10:10:39.214020,0
dev1,2017-12-15T10:10:48.372367,1,dev2,2017-12-15T10:10:48.366514,1
dev1,2017-12-15T10:10:50.506203,0,dev2,2017-12-15T10:10:50.500252,0
dev1,2017-12-15T10:10:59.693042,1,dev2,2017-12-15T10:10:59.687321,1
dev1,2017-12-15T10:11:01.811701,0,dev2,2017-12-15T10:11:01.805580,0
dev1,2017-12-15T10:11:11.004132,1,dev2,2017-12-15T10:11:10.998222,1
dev1,2017-12-15T10:11:13.152425,0,dev2,2017-12-15T10:11:13.146709,0
dev1,2017-12-15T10:11:22.301167,1,dev2,2017-12-15T10:11:22.295298,1
dev1,2017-12-15T10:11:24.458920,0,dev2,2017-12-15T10:11:24.453163,0
dev1,2017-12-15T10:11:33.748813,1,dev2,2017-12-15T10:11:33.743078,1
dev1,2017-12-15T10:11:35.919974,0,dev2,2017-12-15T10:11:35.914225,0
dev1,2017-12-15T10:11:45.140225,1,dev2,2017-12-15T10:11:45.134723,1
dev1,2017-12-15T10:11:47.316965,0,dev2,2017-12-15T10:11:47.310802,0
dev1,2017-12-15T10:11:56.529449,1,dev2,2017-12-15T10:11:56.523784,1
dev1,2017-12-15T10:11:58.712399,0,dev2,2017-12-15T10:11:58.706163,0
dev1,2017-12-15T10:12:07.783838,1,dev2,2017-12-15T10:12:07.778004,1
dev1,2017-12-15T10:12:09.928845,0,dev2,2017-12-15T10:12:09.922918,0
dev1,2017-12-15T10:12:19.015424,1,dev2,2017-12-15T10:12:19.009740,1
dev1,2017-12-15T10:12:21.186905,0,dev2,2017-12-15T10:12:21.180119,0
dev1,2017-12-15T10:12:30.363502,1,dev2,2017-12-15T10:12:30.357788,1
dev1,2017-12-15T10:12:32.513262,0,dev2,2017-12-15T10:12:32.507101,0
dev1,2017-12-15T10:12:41.670727,1,dev2,2017-12-15T10:12:41.665072,1
dev1,2017-12-15T10:12:43.854556,0,dev2,2017-12-15T10:12:43.848662,0
dev1,2017-12-15T10:12:53.009838,1,dev2,2017-12-15T10:12:53.003963,1
dev1,2017-12-15T10:12:55.224035,0,dev2,2017-12-15T10:12:55.218243,0
dev1,2017-12-15T10:13:04.518458,1,dev2,2017-12-15T10:13:04.512318,1
dev1,2017-12-15T10:13:06.705234,0,dev2,2017-12-15T10:13:06.699364,0
dev1,2017-12-15T10:13:15.961008,1,dev2,2017-12-15T10:13:15.955303,1
dev1,2017-12-15T10:13:18.151184,0,dev2,2017-12-15T10:13:18.144981,0
dev1,2017-12-15T10:13:27.378436,1,dev2,2017-12-15T10:13:27.372595,1
dev1,2017-12-15T10:13:29.543776,0,dev2,2017-12-15T10:13:29.537959,0
dev1,2017-12-15T10:13:38.691401,1,dev2,2017-12-15T10:13:38.685414,1
dev1,2017-12-15T10:13:40.805422,0,dev2,2017-12-15T10:13:40.799631,0
dev1,2017-12-15T10:13:50.066712,1,dev2,2017-12-15T10:13:50.061070,1
dev1,2017-12-15T10:13:52.251373,0,dev2,2017-12-15T10:13:52.245371,0
dev1,2017-12-15T10:14:01.440057,1,dev2,2017-12-15T10:14:01.434303,1
dev1,2017-12-15T10:14:03.602382,0,dev2,2017-12-15T10:14:03.596323,0
dev1,2017-12-15T10:14:12.716152,1,dev2,2017-12-15T10:14:12.710275,1
dev1,2017-12-15T10:14:14.855349,0,dev2,2017-12-15T10:14:14.849351,0
dev1,2017-12-15T10:14:24.048287,1,dev2,2017-12-15T10:14:24.042066,1
dev1,2017-12-15T10:14:26.246089,0,dev2,2017-12-15T10:14:26.240274,0
dev1,2017-12-15T10:14:35.462019,1,dev2,2017-12-15T10:14:35.455994,1
dev1,2017-12-15T10:14:37.639714,0,dev2,2017-12-15T10:14:37.633631,0
dev1,2017-12-15T10:14:46.912655,1,dev2,2017-12-15T10:14:46.906439,1
dev1,2017-12-15T10:14:49.101745,0,dev2,2017-12-15T10:14:49.096031,0
dev1,2017-12-15T10:14:58.342445,1,dev2,2017-12-15T10:14:58.336509,1
dev1,2017-12-15T10:15:00.508546,0,dev2,2017-12-15T10:15:00.502532,0
dev1,2017-12-15T10:15:09.837492,1,dev2,2017-12-15T10:15:09.831741,1
dev1,2017-12-15T10:15:12.032336,0,dev2,2017-12-15T10:15:12.026311,0
dev1,2017-12-15T10:15:21.515334,1,dev2,2017-12-15T10:15:21.509537,1
dev1,2017-12-15T10:15:23.750535,0,dev2,2017-12-15T10:15:23.744743,0
dev1,2017-12-15T10:15:33.274175,1,dev2,2017-12-15T10:15:33.268209,1
dev1,2017-12-15T10:15:35.542341,0,dev2,2017-12-15T10:15:35.536023,0
dev1,2017-12-15T10:15:45.123157,1,dev2,2017-12-15T10:15:45.117273,1
dev1,2017-12-15T10:15:47.358318,0,dev2,2017-12-15T10:15:47.351976,0
dev1,2017-12-15T10:15:56.891488,1,dev2,2017-12-15T10:15:56.885782,1
dev1,2017-12-15T10:15:59.128465,0,dev2,2017-12-15T10:15:59.122519,0
dev1,2017-12-15T10:16:08.722970,1,dev2,2017-12-15T10:16:08.717177,1
dev1,2017-12-15T10:16:10.963445,0,dev2,2017-12-15T10:16:10.957584,0
dev1,2017-12-15T10:16:20.592909,1,dev2,2017-12-15T10:16:20.586996,1
dev1,2017-12-15T10:16:22.820343,0,dev2,2017-12-15T10:16:22.814413,0
dev1,2017-12-15T10:16:32.325461,1,dev2,2017-12-15T10:16:32.319534,1
dev1,2017-12-15T10:16:34.559395,0,dev2,2017-12-15T10:16:34.553057,0
dev1,2017-12-15T10:16:44.140784,1,dev2,2017-12-15T10:16:44.134905,1
dev1,2017-12-15T10:16:46.390046,0,dev2,2017-12-15T10:16:46.383924,0
dev1,2017-12-15T10:16:55.945985,1,dev2,2017-12-15T10:16:55.940169,1
dev1,2017-12-15T10:16:58.174026,0,dev2,2017-12-15T10:16:58.167803,0
dev1,2017-12-15T10:17:07.651805,1,dev2,2017-12-15T10:17:07.646050,1
dev1,2017-12-15T10:17:09.864179,0,dev2,2017-12-15T10:17:09.857846,0
dev1,2017-12-15T10:17:19.433299,1,dev2,2017-12-15T10:17:19.427306,1
dev1,2017-12-15T10:17:21.674798,0,dev2,2017-12-15T10:17:21.668782,0
dev1,2017-12-15T10:17:31.091433,1,dev2,2017-12-15T10:17:31.085566,1
dev1,2017-12-15T10:17:33.308419,0,dev2,2017-12-15T10:17:33.302165,0
dev1,2017-12-15T10:17:42.590888,1,dev2,2017-12-15T10:17:42.584924,1
dev1,2017-12-15T10:17:44.765786,0,dev2,2017-12-15T10:17:44.759405,0
dev1,2017-12-15T10:17:54.178913,1,dev2,2017-12-15T10:17:54.173110,1
dev1,2017-12-15T10:17:56.364792,0,dev2,2017-12-15T10:17:56.358785,0
dev1,2017-12-15T10:18:05.740942,1,dev2,2017-12-15T10:18:05.734789,1
dev1,2017-12-15T10:18:07.926528,0,dev2,2017-12-15T10:18:07.920348,0
dev1,2017-12-15T10:18:17.333046,1,dev2,2017-12-15T10:18:17.327092,1
dev1,2017-12-15T10:18:19.516687,0,dev2,2017-12-15T10:18:19.510598,0
dev1,2017-12-15T10:18:28.943608,1,dev2,2017-12-15T10:18:28.937883,1
dev1,2017-12-15T10:18:31.116962,0,dev2,2017-12-15T10:18:31.111055,0
dev1,2017-12-15T10:18:40.690313,1,dev2,2017-12-15T10:18:40.684485,1
dev1,2017-12-15T10:18:42.938462,0,dev2,2017-12-15T10:18:42.932423,0
dev1,2017-12-15T10:18:52.554684,1,dev2,2017-12-15T10:18:52.548778,1
dev1,2017-12-15T10:18:54.785585,0,dev2,2017-12-15T10:18:54.779568,0
dev1,2017-12-15T10:19:04.403484,1,dev2,2017-12-15T10:19:04.397719,1
dev1,2017-12-15T10:19:06.673193,0,dev2,2017-12-15T10:19:06.667110,0
dev1,2017-12-15T10:19:16.364520,1,dev2,2017-12-15T10:19:16.358225,1
dev1,2017-12-15T10:19:18.644678,0,dev2,2017-12-15T10:19:18.638179,0
dev1,2017-12-15T10:19:28.281519,1,dev2,2017-12-15T10:19:28.275537,1
dev1,2017-12-15T10:19:30.521926,0,dev2,2017-12-15T10:19:30.515904,0
dev1,2017-12-15T10:19:40.134714,1,dev2,2017-12-15T10:19:40.128825,1
dev1,2017-12-15T10:19:42.357254,0,dev2,2017-12-15T10:19:42.351211,0
dev1,2017-12-15T10:19:51.955700,1,dev2,2017-12-15T10:19:51.949694,1
dev1,2017-12-15T10:19:54.171118,0,dev2,2017-12-15T10:19:54.165046,0
dev1,2017-12-15T10:20:03.759814,1,dev2,2017-12-15T10:20:03.753654,1
dev1,2017-12-15T10:20:06.025316,0,dev2,2017-12-15T10:20:06.019131,0
dev1,2017-12-15T10:20:15.522130,1,dev2,2017-12-15T10:20:15.516043,1
dev1,2017-12-15T10:20:17.759378,0,dev2,2017-12-15T10:20:17.752992,0
dev1,2017-12-15T10:20:27.428106,1,dev2,2017-12-15T10:20:27.422086,1
dev1,2017-12-15T10:20:29.636020,0,dev2,2017-12-15T10:20:29.629452,0
dev1,2017-12-15T10:20:39.249452,1,dev2,2017-12-15T10:20:39.243297,1
dev1,2017-12-15T10:20:41.558075,0,dev2,2017-12-15T10:20:41.551836,0
dev1,2017-12-15T10:20:51.062884,1,dev2,2017-12-15T10:20:51.057084,1
dev1,2017-12-15T10:20:53.341340,0,dev2,2017-12-15T10:20:53.335215,0
dev1,2017-12-15T10:21:02.905305,1,dev2,2017-12-15T10:21:02.899297,1
dev1,2017-12-15T10:21:05.187114,0,dev2,2017-12-15T10:21:05.180806,0
dev1,2017-12-15T10:21:14.816812,1,dev2,2017-12-15T10:21:14.810897,1
dev1,2017-12-15T10:21:17.119746,0,dev2,2017-12-15T10:21:17.113270,0
dev1,2017-12-15T10:21:26.706191,1,dev2,2017-12-15T10:21:26.700397,1
dev1,2017-12-15T10:21:28.918500,0,dev2,2017-12-15T10:21:28.912491,0
dev1,2017-12-15T10:21:38.433101,1,dev2,2017-12-15T10:21:38.427247,1
dev1,2017-12-15T10:21:40.676138,0,dev2,2017-12-15T10:21:40.670082,0
dev1,2017-12-15T10:21:50.129050,1,dev2,2017-12-15T10:21:50.123159,1
dev1,2017-12-15T10:21:52.356075,0,dev2,2017-12-15T10:21:52.349639,0
dev1,2017-12-15T10:22:01.890735,1,dev2,2017-12-15T10:22:01.884751,1
dev1,2017-12-15T10:22:04.146558,0,dev2,2017-12-15T10:22:04.140270,0
dev1,2017-12-15T10:22:13.716972,1,dev2,2017-12-15T10:22:13.710770,1
dev1,2017-12-15T10:22:15.905327,0,dev2,2017-12-15T10:22:15.899195,0
dev1,2017-12-15T10:22:25.395020,1,dev2,2017-12-15T10:22:25.389018,1
dev1,2017-12-15T10:22:27.619998,0,dev2,2017-12-15T10:22:27.613974,0
dev1,2017-12-15T10:22:37.096138,1,dev2,2017-12-15T10:22:37.089984,1
dev1,2017-12-15T10:22:39.374283,0,dev2,2017-12-15T10:22:39.367898,0
dev1,2017-12-15T10:22:48.966808,1,dev2,2017-12-15T10:22:48.960813,1
dev1,2017-12-15T10:22:51.207895,0,dev2,2017-12-15T10:22:51.201938,0
dev1,2017-12-15T10:23:00.729252,1,dev2,2017-12-15T10:23:00.723140,1
dev1,2017-12-15T10:23:02.984469,0,dev2,2017-12-15T10:23:02.978313,0
dev1,2017-12-15T10:23:12.638064,1,dev2,2017-12-15T10:23:12.632102,1
dev1,2017-12-15T10:23:14.879721,0,dev2,2017-12-15T10:23:14.873561,0
dev1,2017-12-15T10:23:24.425147,1,dev2,2017-12-15T10:23:24.419151,1
dev1,2017-12-15T10:23:26.645717,0,dev2,2017-12-15T10:23:26.639199,0
dev1,2017-12-15T10:23:36.065370,1,dev2,2017-12-15T10:23:36.060450,1
dev1,2017-12-15T10:23:38.278062,0,dev2,2017-12-15T10:23:38.271898,0
dev1,2017-12-15T10:23:47.609699,1,dev2,2017-12-15T10:23:47.603352,1
dev1,2017-12-15T10:23:49.830027,0,dev2,2017-12-15T10:23:49.823670,0
dev1,2017-12-15T10:23:59.193290,1,dev2,2017-12-15T10:23:59.187146,1
dev1,2017-12-15T10:24:01.380225,0,dev2,2017-12-15T10:24:01.374076,0
dev1,2017-12-15T10:24:10.700786,1,dev2,2017-12-15T10:24:10.694463,1
dev1,2017-12-15T10:24:12.870750,0,dev2,2017-12-15T10:24:12.864656,0
dev1,2017-12-15T10:24:22.028540,1,dev2,2017-12-15T10:24:22.022261,1
dev1,2017-12-15T10:24:24.162062,0,dev2,2017-12-15T10:24:24.155943,0
dev1,2017-12-15T10:24:33.307024,1,dev2,2017-12-15T10:24:33.300836,1
dev1,2017-12-15T10:24:35.476780,0,dev2,2017-12-15T10:24:35.470624,0
dev1,2017-12-15T10:24:44.634310,1,dev2,2017-12-15T10:24:44.628056,1
dev1,2017-12-15T10:24:46.750810,0,dev2,2017-12-15T10:24:46.744670,0
dev1,2017-12-15T10:24:55.889183,1,dev2,2017-12-15T10:24:55.883033,1
dev1,2017-12-15T10:24:58.038375,0,dev2,2017-12-15T10:24:58.031933,0
dev1,2017-12-15T10:25:07.139624,1,dev2,2017-12-15T10:25:07.133641,1
dev1,2017-12-15T10:25:09.225206,0,dev2,2017-12-15T10:25:09.219216,0
dev1,2017-12-15T10:25:18.412715,1,dev2,2017-12-15T10:25:18.406583,1
dev1,2017-12-15T10:25:20.584986,0,dev2,2017-12-15T10:25:20.578780,0
dev1,2017-12-15T10:25:29.772377,1,dev2,2017-12-15T10:25:29.767544,1
dev1,2017-12-15T10:25:31.947596,0,dev2,2017-12-15T10:25:31.940341,0
dev1,2017-12-15T10:25:41.250532,1,dev2,2017-12-15T10:25:41.245095,1
dev1,2017-12-15T10:25:43.408063,0,dev2,2017-12-15T10:25:43.401674,0
dev1,2017-12-15T10:25:52.838417,1,dev2,2017-12-15T10:25:52.832238,1
dev1,2017-12-15T10:25:55.050961,0,dev2,2017-12-15T10:25:55.044901,0
dev1,2017-12-15T10:26:04.426658,1,dev2,2017-12-15T10:26:04.420400,1
dev1,2017-12-15T10:26:06.685328,0,dev2,2017-12-15T10:26:06.679155,0
dev1,2017-12-15T10:26:16.023487,1,dev2,2017-12-15T10:26:16.017296,1
dev1,2017-12-15T10:26:18.291151,0,dev2,2017-12-15T10:26:18.284785,0
dev1,2017-12-15T10:26:27.652176,1,dev2,2017-12-15T10:26:27.646062,1
dev1,2017-12-15T10:26:29.835093,0,dev2,2017-12-15T10:26:29.828831,0
dev1,2017-12-15T10:26:39.137193,1,dev2,2017-12-15T10:26:39.130926,1
dev1,2017-12-15T10:26:41.297999,0,dev2,2017-12-15T10:26:41.291517,0
dev1,2017-12-15T10:26:50.596897,1,dev2,2017-12-15T10:26:50.590876,1
dev1,2017-12-15T10:26:52.759436,0,dev2,2017-12-15T10:26:52.753192,0
dev1,2017-12-15T10:27:02.028530,1,dev2,2017-12-15T10:27:02.022420,1
dev1,2017-12-15T10:27:04.211488,0,dev2,2017-12-15T10:27:04.204934,0
dev1,2017-12-15T10:27:13.396958,1,dev2,2017-12-15T10:27:13.390784,1
dev1,2017-12-15T10:27:15.538625,0,dev2,2017-12-15T10:27:15.532282,0
dev1,2017-12-15T10:27:24.696081,1,dev2,2017-12-15T10:27:24.689951,1
dev1,2017-12-15T10:27:26.823416,0,dev2,2017-12-15T10:27:26.816666,0
dev1,2017-12-15T10:27:36.070942,1,dev2,2017-12-15T10:27:36.064792,1
dev1,2017-12-15T10:27:38.200017,0,dev2,2017-12-15T10:27:38.193884,0
dev1,2017-12-15T10:27:47.297313,1,dev2,2017-12-15T10:27:47.291187,1
dev1,2017-12-15T10:27:49.425597,0,dev2,2017-12-15T10:27:49.418910,0
dev1,2017-12-15T10:27:58.496137,1,dev2,2017-12-15T10:27:58.489731,1
dev1,2017-12-15T10:28:00.645357,0,dev2,2017-12-15T10:28:00.637058,0
dev1,2017-12-15T10:28:09.758216,1,dev2,2017-12-15T10:28:09.752074,1
dev1,2017-12-15T10:28:11.859186,0,dev2,2017-12-15T10:28:11.852959,0
dev1,2017-12-15T10:28:20.915020,1,dev2,2017-12-15T10:28:20.908581,1
dev1,2017-12-15T10:28:23.047584,0,dev2,2017-12-15T10:28:23.041239,0
dev1,2017-12-15T10:28:32.159166,1,dev2,2017-12-15T10:28:32.152925,1
dev1,2017-12-15T10:28:34.247686,0,dev2,2017-12-15T10:28:34.240932,0
dev1,2017-12-15T10:28:43.393802,1,dev2,2017-12-15T10:28:43.387617,1
dev1,2017-12-15T10:28:45.513173,0,dev2,2017-12-15T10:28:45.506916,0
dev1,2017-12-15T10:28:54.597381,1,dev2,2017-12-15T10:28:54.591111,1
dev1,2017-12-15T10:28:56.728709,0,dev2,2017-12-15T10:28:56.721630,0
dev1,2017-12-15T10:29:05.718477,1,dev2,2017-12-15T10:29:05.712171,1
dev1,2017-12-15T10:29:07.874781,0,dev2,2017-12-15T10:29:07.868430,0
dev1,2017-12-15T10:29:16.815374,1,dev2,2017-12-15T10:29:16.809279,1
dev1,2017-12-15T10:29:18.923604,0,dev2,2017-12-15T10:29:18.917037,0
dev1,2017-12-15T10:29:27.953819,1,dev2,2017-12-15T10:29:27.947592,1
dev1,2017-12-15T10:29:29.996194,0,dev2,2017-12-15T10:29:29.989714,0
dev1,2017-12-15T10:29:39.068060,1,dev2,2017-12-15T10:29:39.061933,1
dev1,2017-12-15T10:29:41.196292,0,dev2,2017-12-15T10:29:41.190125,0
dev1,2017-12-15T10:29:50.208679,1,dev2,2017-12-15T10:29:50.202312,1
dev1,2017-12-15T10:29:52.339931,0,dev2,2017-12-15T10:29:52.333734,0
dev1,2017-12-15T10:30:01.478661,1,dev2,2017-12-15T10:30:01.472283,1
dev1,2017-12-15T10:30:03.633466,0,dev2,2017-12-15T10:30:03.626757,0
dev1,2017-12-15T10:30:12.770723,1,dev2,2017-12-15T10:30:12.764423,1
dev1,2017-12-15T10:30:14.889353,0,dev2,2017-12-15T10:30:14.883022,0
dev1,2017-12-15T10:30:24.091576,1,dev2,2017-12-15T10:30:24.085437,1
dev1,2017-12-15T10:30:26.210615,0,dev2,2017-12-15T10:30:26.203251,0
dev1,2017-12-15T10:30:35.450064,1,dev2,2017-12-15T10:30:35.443705,1
dev1,2017-12-15T10:30:37.558903,0,dev2,2017-12-15T10:30:37.552221,0
dev1,2017-12-15T10:30:46.613140,1,dev2,2017-12-15T10:30:46.607064,1
dev1,2017-12-15T10:30:48.753716,0,dev2,2017-12-15T10:30:48.747422,0
dev1,2017-12-15T10:30:57.871573,1,dev2,2017-12-15T10:30:57.865483,1
dev1,2017-12-15T10:31:00.001721,0,dev2,2017-12-15T10:30:59.995390,0
dev1,2017-12-15T10:31:08.972300,1,dev2,2017-12-15T10:31:08.965834,1
dev1,2017-12-15T10:31:11.061547,0,dev2,2017-12-15T10:31:11.055165,0
dev1,2017-12-15T10:31:20.111784,1,dev2,2017-12-15T10:31:20.105465,1
dev1,2017-12-15T10:31:22.258587,0,dev2,2017-12-15T10:31:22.252386,0
dev1,2017-12-15T10:31:31.489263,1,dev2,2017-12-15T10:31:31.483155,1
dev1,2017-12-15T10:31:33.612138,0,dev2,2017-12-15T10:31:33.605861,0
dev1,2017-12-15T10:31:42.748422,1,dev2,2017-12-15T10:31:42.742208,1
dev1,2017-12-15T10:31:44.872360,0,dev2,2017-12-15T10:31:44.865616,0
dev1,2017-12-15T10:31:53.989366,1,dev2,2017-12-15T10:31:53.982754,1
dev1,2017-12-15T10:31:56.121941,0,dev2,2017-12-15T10:31:56.115015,0
dev1,2017-12-15T10:32:05.190028,1,dev2,2017-12-15T10:32:05.183749,1
dev1,2017-12-15T10:32:07.300873,0,dev2,2017-12-15T10:32:07.294197,0
dev1,2017-12-15T10:32:16.439381,1,dev2,2017-12-15T10:32:16.433087,1
dev1,2017-12-15T10:32:18.540390,0,dev2,2017-12-15T10:32:18.533721,0
dev1,2017-12-15T10:32:27.675180,1,dev2,2017-12-15T10:32:27.669155,1
dev1,2017-12-15T10:32:29.780099,0,dev2,2017-12-15T10:32:29.773697,0
dev1,2017-12-15T10:32:38.865801,1,dev2,2017-12-15T10:32:38.859496,1
dev1,2017-12-15T10:32:41.018358,0,dev2,2017-12-15T10:32:41.012028,0
dev1,2017-12-15T10:32:50.129074,1,dev2,2017-12-15T10:32:50.122863,1
dev1,2017-12-15T10:32:52.270411,0,dev2,2017-12-15T10:32:52.263881,0
dev1,2017-12-15T10:33:01.338548,1,dev2,2017-12-15T10:33:01.332192,1
dev1,2017-12-15T10:33:03.526630,0,dev2,2017-12-15T10:33:03.520291,0
dev1,2017-12-15T10:33:12.651875,1,dev2,2017-12-15T10:33:12.645671,1
dev1,2017-12-15T10:33:14.852305,0,dev2,2017-12-15T10:33:14.845540,0
dev1,2017-12-15T10:33:24.134897,1,dev2,2017-12-15T10:33:24.128401,1
dev1,2017-12-15T10:33:26.279244,0,dev2,2017-12-15T10:33:26.273134,0
dev1,2017-12-15T10:33:35.440835,1,dev2,2017-12-15T10:33:35.434595,1
dev1,2017-12-15T10:33:37.583345,0,dev2,2017-12-15T10:33:37.576924,0
dev1,2017-12-15T10:33:46.679846,1,dev2,2017-12-15T10:33:46.673170,1
dev1,2017-12-15T10:33:48.819962,0,dev2,2017-12-15T10:33:48.813127,0
dev1,2017-12-15T10:33:57.875729,1,dev2,2017-12-15T10:33:57.869537,1
dev1,2017-12-15T10:34:00.032122,0,dev2,2017-12-15T10:34:00.025320,0
dev1,2017-12-15T10:34:09.094574,1,dev2,2017-12-15T10:34:09.088001,1
dev1,2017-12-15T10:34:11.199334,0,dev2,2017-12-15T10:34:11.192742,0
dev1,2017-12-15T10:34:20.270073,1,dev2,2017-12-15T10:34:20.263964,1
dev1,2017-12-15T10:34:22.438595,0,dev2,2017-12-15T10:34:22.432468,0
dev1,2017-12-15T10:34:31.798781,1,dev2,2017-12-15T10:34:31.792386,1
dev1,2017-12-15T10:34:33.909520,0,dev2,2017-12-15T10:34:33.903031,0
dev1,2017-12-15T10:34:43.144380,1,dev2,2017-12-15T10:34:43.138218,1
dev1,2017-12-15T10:34:45.317268,0,dev2,2017-12-15T10:34:45.310523,0
dev1,2017-12-15T10:34:54.544032,1,dev2,2017-12-15T10:34:54.537687,1
dev1,2017-12-15T10:34:56.682733,0,dev2,2017-12-15T10:34:56.676390,0
dev1,2017-12-15T10:35:05.892858,1,dev2,2017-12-15T10:35:05.886692,1
dev1,2017-12-15T10:35:08.073782,0,dev2,2017-12-15T10:35:08.067288,0
dev1,2017-12-15T10:35:17.282198,1,dev2,2017-12-15T10:35:17.275645,1
dev1,2017-12-15T10:35:19.427887,0,dev2,2017-12-15T10:35:19.421523,0
dev1,2017-12-15T10:35:28.697945,1,dev2,2017-12-15T10:35:28.691417,1
dev1,2017-12-15T10:35:30.824999,0,dev2,2017-12-15T10:35:30.818515,0
dev1,2017-12-15T10:35:40.039139,1,dev2,2017-12-15T10:35:40.033128,1
dev1,2017-12-15T10:35:42.189948,0,dev2,2017-12-15T10:35:42.183009,0
dev1,2017-12-15T10:35:51.412881,1,dev2,2017-12-15T10:35:51.406529,1
dev1,2017-12-15T10:35:53.564465,0,dev2,2017-12-15T10:35:53.558074,0
dev1,2017-12-15T10:36:02.716014,1,dev2,2017-12-15T10:36:02.709531,1
dev1,2017-12-15T10:36:04.839474,0,dev2,2017-12-15T10:36:04.832379,0
dev1,2017-12-15T10:36:13.909608,1,dev2,2017-12-15T10:36:13.903067,1
dev1,2017-12-15T10:36:16.026304,0,dev2,2017-12-15T10:36:16.018931,0
dev1,2017-12-15T10:36:25.242610,1,dev2,2017-12-15T10:36:25.236320,1
dev1,2017-12-15T10:36:27.362746,0,dev2,2017-12-15T10:36:27.356033,0
dev1,2017-12-15T10:36:36.593210,1,dev2,2017-12-15T10:36:36.586974,1
dev1,2017-12-15T10:36:38.738381,0,dev2,2017-12-15T10:36:38.731878,0
dev1,2017-12-15T10:36:47.967386,1,dev2,2017-12-15T10:36:47.960992,1
dev1,2017-12-15T10:36:50.119558,0,dev2,2017-12-15T10:36:50.112990,0
dev1,2017-12-15T10:36:59.278395,1,dev2,2017-12-15T10:36:59.271851,1
dev1,2017-12-15T10:37:01.431484,0,dev2,2017-12-15T10:37:01.424960,0
dev1,2017-12-15T10:37:10.651209,1,dev2,2017-12-15T10:37:10.644923,1
dev1,2017-12-15T10:37:12.780100,0,dev2,2017-12-15T10:37:12.773206,0
dev1,2017-12-15T10:37:21.942137,1,dev2,2017-12-15T10:37:21.935514,1
dev1,2017-12-15T10:37:24.108923,0,dev2,2017-12-15T10:37:24.102057,0
dev1,2017-12-15T10:37:33.321249,1,dev2,2017-12-15T10:37:33.314642,1
dev1,2017-12-15T10:37:35.509516,0,dev2,2017-12-15T10:37:35.502694,0
dev1,2017-12-15T10:37:44.780290,1,dev2,2017-12-15T10:37:44.773815,1
dev1,2017-12-15T10:37:46.966736,0,dev2,2017-12-15T10:37:46.959644,0
dev1,2017-12-15T10:37:56.221420,1,dev2,2017-12-15T10:37:56.215085,1
dev1,2017-12-15T10:37:58.373910,0,dev2,2017-12-15T10:37:58.366946,0
dev1,2017-12-15T10:38:07.631171,1,dev2,2017-12-15T10:38:07.624680,1
dev1,2017-12-15T10:38:09.822978,0,dev2,2017-12-15T10:38:09.816077,0
dev1,2017-12-15T10:38:19.101708,1,dev2,2017-12-15T10:38:19.095331,1
dev1,2017-12-15T10:38:21.240473,0,dev2,2017-12-15T10:38:21.234002,0
dev1,2017-12-15T10:38:30.417499,1,dev2,2017-12-15T10:38:30.411036,1
dev1,2017-12-15T10:38:32.578004,0,dev2,2017-12-15T10:38:32.571552,0
dev1,2017-12-15T10:38:41.803027,1,dev2,2017-12-15T10:38:41.796358,1
dev1,2017-12-15T10:38:43.989746,0,dev2,2017-12-15T10:38:43.983130,0
dev1,2017-12-15T10:38:53.181979,1,dev2,2017-12-15T10:38:53.175607,1
dev1,2017-12-15T10:38:55.386147,0,dev2,2017-12-15T10:38:55.379600,0
dev1,2017-12-15T10:39:04.610738,1,dev2,2017-12-15T10:39:04.604146,1
dev1,2017-12-15T10:39:06.768336,0,dev2,2017-12-15T10:39:06.761813,0
dev1,2017-12-15T10:39:16.140518,1,dev2,2017-12-15T10:39:16.133774,1
dev1,2017-12-15T10:39:18.306066,0,dev2,2017-12-15T10:39:18.298497,0
dev1,2017-12-15T10:39:27.594958,1,dev2,2017-12-15T10:39:27.588277,1
dev1,2017-12-15T10:39:29.760343,0,dev2,2017-12-15T10:39:29.753690,0
dev1,2017-12-15T10:39:39.230948,1,dev2,2017-12-15T10:39:39.224218,1
dev1,2017-12-15T10:39:41.457081,0,dev2,2017-12-15T10:39:41.450573,0
dev1,2017-12-15T10:39:50.879500,1,dev2,2017-12-15T10:39:50.872990,1
dev1,2017-12-15T10:39:53.083050,0,dev2,2017-12-15T10:39:53.076518,0
dev1,2017-12-15T10:40:02.547870,1,dev2,2017-12-15T10:40:02.541278,1
dev1,2017-12-15T10:40:04.734210,0,dev2,2017-12-15T10:40:04.727618,0
dev1,2017-12-15T10:40:14.211363,1,dev2,2017-12-15T10:40:14.204937,1
dev1,2017-12-15T10:40:16.401445,0,dev2,2017-12-15T10:40:16.395131,0
dev1,2017-12-15T10:40:25.869513,1,dev2,2017-12-15T10:40:25.862958,1
dev1,2017-12-15T10:40:28.021606,0,dev2,2017-12-15T10:40:28.015092,0
dev1,2017-12-15T10:40:37.395217,1,dev2,2017-12-15T10:40:37.388697,1
dev1,2017-12-15T10:40:39.553867,0,dev2,2017-12-15T10:40:39.546841,0
dev1,2017-12-15T10:40:48.865246,1,dev2,2017-12-15T10:40:48.858606,1
dev1,2017-12-15T10:40:51.028431,0,dev2,2017-12-15T10:40:51.021915,0
dev1,2017-12-15T10:41:00.386416,1,dev2,2017-12-15T10:41:00.379892,1
dev1,2017-12-15T10:41:02.556152,0,dev2,2017-12-15T10:41:02.549219,0
dev1,2017-12-15T10:41:11.959700,1,dev2,2017-12-15T10:41:11.953284,1
dev1,2017-12-15T10:41:14.155260,0,dev2,2017-12-15T10:41:14.148648,0
dev1,2017-12-15T10:41:23.497915,1,dev2,2017-12-15T10:41:23.491468,1
dev1,2017-12-15T10:41:25.670763,0,dev2,2017-12-15T10:41:25.663710,0
dev1,2017-12-15T10:41:34.971190,1,dev2,2017-12-15T10:41:34.964880,1
dev1,2017-12-15T10:41:37.147314,0,dev2,2017-12-15T10:41:37.139791,0
dev1,2017-12-15T10:41:46.608378,1,dev2,2017-12-15T10:41:46.601778,1
dev1,2017-12-15T10:41:48.769153,0,dev2,2017-12-15T10:41:48.762493,0
dev1,2017-12-15T10:41:58.213300,1,dev2,2017-12-15T10:41:58.206943,1
dev1,2017-12-15T10:42:00.404280,0,dev2,2017-12-15T10:42:00.397700,0
dev1,2017-12-15T10:42:09.683295,1,dev2,2017-12-15T10:42:09.676596,1
dev1,2017-12-15T10:42:11.826376,0,dev2,2017-12-15T10:42:11.819842,0
dev1,2017-12-15T10:42:21.147080,1,dev2,2017-12-15T10:42:21.140405,1
dev1,2017-12-15T10:42:23.371470,0,dev2,2017-12-15T10:42:23.364510,0
dev1,2017-12-15T10:42:32.685985,1,dev2,2017-12-15T10:42:32.679402,1
dev1,2017-12-15T10:42:34.934279,0,dev2,2017-12-15T10:42:34.927533,0
dev1,2017-12-15T10:42:44.324236,1,dev2,2017-12-15T10:42:44.317544,1
dev1,2017-12-15T10:42:46.513822,0,dev2,2017-12-15T10:42:46.506615,0
dev1,2017-12-15T10:42:55.845406,1,dev2,2017-12-15T10:42:55.839646,1
dev1,2017-12-15T10:42:58.004741,0,dev2,2017-12-15T10:42:57.997941,0
dev1,2017-12-15T10:43:07.355128,1,dev2,2017-12-15T10:43:07.348506,1
dev1,2017-12-15T10:43:09.521270,0,dev2,2017-12-15T10:43:09.514329,0
dev1,2017-12-15T10:43:18.897399,1,dev2,2017-12-15T10:43:18.890767,1
dev1,2017-12-15T10:43:21.060534,0,dev2,2017-12-15T10:43:21.053980,0
dev1,2017-12-15T10:43:30.532509,1,dev2,2017-12-15T10:43:30.525874,1
dev1,2017-12-15T10:43:32.752970,0,dev2,2017-12-15T10:43:32.745598,0
dev1,2017-12-15T10:43:42.136562,1,dev2,2017-12-15T10:43:42.129935,1
dev1,2017-12-15T10:43:44.320324,0,dev2,2017-12-15T10:43:44.313247,0
dev1,2017-12-15T10:43:53.631351,1,dev2,2017-12-15T10:43:53.624883,1
dev1,2017-12-15T10:43:55.815770,0,dev2,2017-12-15T10:43:55.809173,0
dev1,2017-12-15T10:44:05.139544,1,dev2,2017-12-15T10:44:05.132784,1
dev1,2017-12-15T10:44:07.330612,0,dev2,2017-12-15T10:44:07.323378,0
dev1,2017-12-15T10:44:16.660935,1,dev2,2017-12-15T10:44:16.654142,1
dev1,2017-12-15T10:44:18.870258,0,dev2,2017-12-15T10:44:18.862675,0
dev1,2017-12-15T10:44:28.151242,1,dev2,2017-12-15T10:44:28.144564,1
dev1,2017-12-15T10:44:30.342768,0,dev2,2017-12-15T10:44:30.335741,0
dev1,2017-12-15T10:44:39.762571,1,dev2,2017-12-15T10:44:39.756224,1
dev1,2017-12-15T10:44:41.939297,0,dev2,2017-12-15T10:44:41.932353,0
dev1,2017-12-15T10:44:51.329279,1,dev2,2017-12-15T10:44:51.322862,1
dev1,2017-12-15T10:44:53.531728,0,dev2,2017-12-15T10:44:53.525040,0
dev1,2017-12-15T10:45:02.921080,1,dev2,2017-12-15T10:45:02.914212,1
dev1,2017-12-15T10:45:05.126038,0,dev2,2017-12-15T10:45:05.119302,0
dev1,2017-12-15T10:45:14.497092,1,dev2,2017-12-15T10:45:14.490362,1
dev1,2017-12-15T10:45:16.695541,0,dev2,2017-12-15T10:45:16.688488,0
dev1,2017-12-15T10:45:26.156297,1,dev2,2017-12-15T10:45:26.149660,1
dev1,2017-12-15T10:45:28.361117,0,dev2,2017-12-15T10:45:28.354148,0
dev1,2017-12-15T10:45:37.743746,1,dev2,2017-12-15T10:45:37.737006,1
dev1,2017-12-15T10:45:39.972194,0,dev2,2017-12-15T10:45:39.964632,0
dev1,2017-12-15T10:45:49.363708,1,dev2,2017-12-15T10:45:49.356882,1
dev1,2017-12-15T10:45:51.565731,0,dev2,2017-12-15T10:45:51.558592,0
dev1,2017-12-15T10:46:01.098170,1,dev2,2017-12-15T10:46:01.091237,1
dev1,2017-12-15T10:46:03.334835,0,dev2,2017-12-15T10:46:03.327955,0
dev1,2017-12-15T10:46:12.963619,1,dev2,2017-12-15T10:46:12.957006,1
dev1,2017-12-15T10:46:15.181716,0,dev2,2017-12-15T10:46:15.174681,0
dev1,2017-12-15T10:46:24.729500,1,dev2,2017-12-15T10:46:24.722686,1
dev1,2017-12-15T10:46:26.980892,0,dev2,2017-12-15T10:46:26.974232,0
dev1,2017-12-15T10:46:36.582961,1,dev2,2017-12-15T10:46:36.576452,1
dev1,2017-12-15T10:46:38.839586,0,dev2,2017-12-15T10:46:38.832777,0
dev1,2017-12-15T10:46:48.685389,1,dev2,2017-12-15T10:46:48.678605,1
dev1,2017-12-15T10:46:50.913632,0,dev2,2017-12-15T10:46:50.906958,0
dev1,2017-12-15T10:47:00.674570,1,dev2,2017-12-15T10:47:00.667883,1
dev1,2017-12-15T10:47:02.935440,0,dev2,2017-12-15T10:47:02.928341,0
dev1,2017-12-15T10:47:12.602524,1,dev2,2017-12-15T10:47:12.595886,1
