,0
0,0 days 00:00:00.004089000
1,0 days 00:00:00.005169000
2,0 days 00:00:00.004001000
3,0 days 00:00:00.004216000
4,0 days 00:00:00.004115000
5,0 days 00:00:00.006324000
6,0 days 00:00:00.004092000
7,0 days 00:00:00.004315000
8,0 days 00:00:00.004106000
9,0 days 00:00:00.004319000
10,0 days 00:00:00.004098000
11,0 days 00:00:00.004874000
12,0 days 00:00:00.003980000
13,0 days 00:00:00.004246000
14,0 days 00:00:00.004232000
15,0 days 00:00:00.004266000
16,0 days 00:00:00.004365000
17,0 days 00:00:00.004169000
18,0 days 00:00:00.004088000
19,0 days 00:00:00.004164000
20,0 days 00:00:00.004272000
21,0 days 00:00:00.004214000
22,0 days 00:00:00.004295000
23,0 days 00:00:00.004543000
24,0 days 00:00:00.004422000
25,0 days 00:00:00.004295000
26,0 days 00:00:00.004293000
27,0 days 00:00:00.004565000
28,0 days 00:00:00.004219000
29,0 days 00:00:00.004434000
30,0 days 00:00:00.003869000
31,0 days 00:00:00.004279000
32,0 days 00:00:00.004156000
33,0 days 00:00:00.004617000
34,0 days 00:00:00.003794000
35,0 days 00:00:00.004265000
36,0 days 00:00:00.004143000
37,0 days 00:00:00.004764000
38,0 days 00:00:00.004388000
39,0 days 00:00:00.004614000
40,0 days 00:00:00.004256000
41,0 days 00:00:00.004417000
42,0 days 00:00:00.004440000
43,0 days 00:00:00.004677000
44,0 days 00:00:00.004237000
45,0 days 00:00:00.004581000
46,0 days 00:00:00.004317000
47,0 days 00:00:00.004523000
48,0 days 00:00:00.004386000
49,0 days 00:00:00.004267000
50,0 days 00:00:00.004395000
51,0 days 00:00:00.004332000
52,0 days 00:00:00.004319000
53,0 days 00:00:00.004667000
54,0 days 00:00:00.004240000
55,0 days 00:00:00.005506000
56,0 days 00:00:00.004318000
57,0 days 00:00:00.004429000
58,0 days 00:00:00.004342000
59,0 days 00:00:00.004349000
60,0 days 00:00:00.004510000
61,0 days 00:00:00.004435000
62,0 days 00:00:00.004187000
63,0 days 00:00:00.005422000
64,0 days 00:00:00.004212000
65,0 days 00:00:00.004333000
66,0 days 00:00:00.003796000
67,0 days 00:00:00.004416000
68,0 days 00:00:00.004284000
69,0 days 00:00:00.004352000
70,0 days 00:00:00.004217000
71,0 days 00:00:00.004318000
72,0 days 00:00:00.004236000
73,0 days 00:00:00.004319000
74,0 days 00:00:00.004242000
75,0 days 00:00:00.004365000
76,0 days 00:00:00.004450000
77,0 days 00:00:00.004714000
78,0 days 00:00:00.004234000
79,0 days 00:00:00.004645000
80,0 days 00:00:00.004316000
81,0 days 00:00:00.004841000
82,0 days 00:00:00.004604000
83,0 days 00:00:00.004493000
84,0 days 00:00:00.004495000
85,0 days 00:00:00.004369000
86,0 days 00:00:00.004372000
87,0 days 00:00:00.004441000
88,0 days 00:00:00.004397000
89,0 days 00:00:00.004405000
90,0 days 00:00:00.004114000
91,0 days 00:00:00.004736000
92,0 days 00:00:00.004619000
93,0 days 00:00:00.004540000
94,0 days 00:00:00.004483000
95,0 days 00:00:00.004541000
96,0 days 00:00:00.004144000
97,0 days 00:00:00.004768000
98,0 days 00:00:00.004550000
99,0 days 00:00:00.004903000
100,0 days 00:00:00.004586000
101,0 days 00:00:00.004524000
102,0 days 00:00:00.004396000
103,0 days 00:00:00.004601000
104,0 days 00:00:00.004486000
105,0 days 00:00:00.004905000
106,0 days 00:00:00.004533000
107,0 days 00:00:00.004832000
108,0 days 00:00:00.004555000
109,0 days 00:00:00.004373000
110,0 days 00:00:00.004732000
111,0 days 00:00:00.004715000
112,0 days 00:00:00.004354000
113,0 days 00:00:00.005671000
114,0 days 00:00:00.004497000
115,0 days 00:00:00.004781000
116,0 days 00:00:00.004446000
117,0 days 00:00:00.004430000
118,0 days 00:00:00.004510000
119,0 days 00:00:00.004485000
120,0 days 00:00:00.004536000
121,0 days 00:00:00.005027000
122,0 days 00:00:00.004414000
123,0 days 00:00:00.004392000
124,0 days 00:00:00.004572000
125,0 days 00:00:00.004504000
126,0 days 00:00:00.004521000
127,0 days 00:00:00.004481000
128,0 days 00:00:00.004427000
129,0 days 00:00:00.004606000
130,0 days 00:00:00.004438000
131,0 days 00:00:00.004506000
132,0 days 00:00:00.004340000
133,0 days 00:00:00.004372000
134,0 days 00:00:00.004657000
135,0 days 00:00:00.004532000
136,0 days 00:00:00.004432000
137,0 days 00:00:00.004617000
138,0 days 00:00:00.004431000
139,0 days 00:00:00.004837000
140,0 days 00:00:00.004547000
141,0 days 00:00:00.004789000
142,0 days 00:00:00.004604000
143,0 days 00:00:00.006381000
144,0 days 00:00:00.004454000
145,0 days 00:00:00.004599000
146,0 days 00:00:00.004604000
147,0 days 00:00:00.005247000
148,0 days 00:00:00.004493000
149,0 days 00:00:00.004932000
150,0 days 00:00:00.005026000
151,0 days 00:00:00.004910000
152,0 days 00:00:00.004582000
153,0 days 00:00:00.004464000
154,0 days 00:00:00.004536000
155,0 days 00:00:00.004516000
156,0 days 00:00:00.004483000
157,0 days 00:00:00.004501000
158,0 days 00:00:00.004562000
159,0 days 00:00:00.005049000
160,0 days 00:00:00.004557000
161,0 days 00:00:00.004712000
162,0 days 00:00:00.004443000
163,0 days 00:00:00.004593000
164,0 days 00:00:00.004490000
165,0 days 00:00:00.004813000
166,0 days 00:00:00.004373000
167,0 days 00:00:00.005002000
168,0 days 00:00:00.004591000
169,0 days 00:00:00.004984000
170,0 days 00:00:00.004580000
171,0 days 00:00:00.004985000
172,0 days 00:00:00.004523000
173,0 days 00:00:00.004920000
174,0 days 00:00:00.004854000
175,0 days 00:00:00.004790000
176,0 days 00:00:00.004711000
177,0 days 00:00:00.004460000
178,0 days 00:00:00.004536000
179,0 days 00:00:00.004962000
180,0 days 00:00:00.004383000
181,0 days 00:00:00.004718000
182,0 days 00:00:00.004483000
183,0 days 00:00:00.004931000
184,0 days 00:00:00.004540000
185,0 days 00:00:00.004755000
186,0 days 00:00:00.004896000
187,0 days 00:00:00.004958000
188,0 days 00:00:00.004492000
189,0 days 00:00:00.005043000
190,0 days 00:00:00.004536000
191,0 days 00:00:00.004758000
192,0 days 00:00:00.004607000
193,0 days 00:00:00.004777000
194,0 days 00:00:00.004655000
195,0 days 00:00:00.004594000
196,0 days 00:00:00.004578000
197,0 days 00:00:00.004619000
198,0 days 00:00:00.004587000
199,0 days 00:00:00.005088000
200,0 days 00:00:00.004601000
201,0 days 00:00:00.004491000
202,0 days 00:00:00.004462000
203,0 days 00:00:00.005106000
204,0 days 00:00:00.004595000
205,0 days 00:00:00.004986000
206,0 days 00:00:00.004640000
207,0 days 00:00:00.004917000
208,0 days 00:00:00.004926000
209,0 days 00:00:00.004656000
210,0 days 00:00:00.004243000
211,0 days 00:00:00.004915000
212,0 days 00:00:00.004777000
213,0 days 00:00:00.004648000
214,0 days 00:00:00.004627000
215,0 days 00:00:00.005765000
216,0 days 00:00:00.004953000
217,0 days 00:00:00.004729000
218,0 days 00:00:00.004948000
219,0 days 00:00:00.005062000
220,0 days 00:00:00.004606000
221,0 days 00:00:00.005036000
222,0 days 00:00:00.004674000
223,0 days 00:00:00.005197000
224,0 days 00:00:00.004922000
225,0 days 00:00:00.004662000
226,0 days 00:00:00.005020000
227,0 days 00:00:00.005117000
228,0 days 00:00:00.004660000
229,0 days 00:00:00.004853000
230,0 days 00:00:00.005083000
231,0 days 00:00:00.005083000
232,0 days 00:00:00.004619000
233,0 days 00:00:00.004863000
234,0 days 00:00:00.004613000
235,0 days 00:00:00.004884000
236,0 days 00:00:00.004973000
237,0 days 00:00:00.005013000
238,0 days 00:00:00.004886000
239,0 days 00:00:00.004667000
240,0 days 00:00:00.004705000
241,0 days 00:00:00.005062000
242,0 days 00:00:00.004674000
243,0 days 00:00:00.005730000
244,0 days 00:00:00.004703000
245,0 days 00:00:00.005155000
246,0 days 00:00:00.004724000
247,0 days 00:00:00.005241000
248,0 days 00:00:00.004858000
249,0 days 00:00:00.004999000
250,0 days 00:00:00.004629000
251,0 days 00:00:00.004954000
252,0 days 00:00:00.005039000
253,0 days 00:00:00.005079000
254,0 days 00:00:00.004692000
255,0 days 00:00:00.004893000
256,0 days 00:00:00.004958000
257,0 days 00:00:00.005344000
258,0 days 00:00:00.004865000
259,0 days 00:00:00.005021000
260,0 days 00:00:00.004800000
261,0 days 00:00:00.004946000
262,0 days 00:00:00.004981000
263,0 days 00:00:00.005382000
264,0 days 00:00:00.004937000
265,0 days 00:00:00.006160000
266,0 days 00:00:00.004834000
267,0 days 00:00:00.005305000
268,0 days 00:00:00.004881000
269,0 days 00:00:00.005394000
270,0 days 00:00:00.004688000
271,0 days 00:00:00.005144000
272,0 days 00:00:00.005281000
273,0 days 00:00:00.004863000
274,0 days 00:00:00.004785000
275,0 days 00:00:00.004938000
276,0 days 00:00:00.004695000
277,0 days 00:00:00.005009000
278,0 days 00:00:00.004930000
279,0 days 00:00:00.004962000
280,0 days 00:00:00.004588000
281,0 days 00:00:00.004950000
282,0 days 00:00:00.005461000
283,0 days 00:00:00.005104000
284,0 days 00:00:00.005111000
285,0 days 00:00:00.005281000
286,0 days 00:00:00.005026000
287,0 days 00:00:00.004754000
288,0 days 00:00:00.004905000
289,0 days 00:00:00.005982000
290,0 days 00:00:00.005124000
291,0 days 00:00:00.005617000
292,0 days 00:00:00.004834000
293,0 days 00:00:00.005380000
294,0 days 00:00:00.004860000
295,0 days 00:00:00.004899000
296,0 days 00:00:00.005034000
297,0 days 00:00:00.005465000
298,0 days 00:00:00.005007000
299,0 days 00:00:00.005103000
300,0 days 00:00:00.004939000
301,0 days 00:00:00.005061000
302,0 days 00:00:00.004622000
303,0 days 00:00:00.005148000
304,0 days 00:00:00.004895000
305,0 days 00:00:00.004925000
306,0 days 00:00:00.004765000
307,0 days 00:00:00.004920000
308,0 days 00:00:00.004940000
309,0 days 00:00:00.005246000
310,0 days 00:00:00.005003000
311,0 days 00:00:00.004935000
312,0 days 00:00:00.004609000
313,0 days 00:00:00.004902000
314,0 days 00:00:00.004861000
315,0 days 00:00:00.005117000
316,0 days 00:00:00.005239000
317,0 days 00:00:00.006722000
318,0 days 00:00:00.004719000
319,0 days 00:00:00.005148000
320,0 days 00:00:00.005381000
321,0 days 00:00:00.005342000
322,0 days 00:00:00.004828000
323,0 days 00:00:00.005591000
324,0 days 00:00:00.004888000
325,0 days 00:00:00.005027000
326,0 days 00:00:00.004856000
327,0 days 00:00:00.005146000
328,0 days 00:00:00.005103000
329,0 days 00:00:00.004825000
330,0 days 00:00:00.004911000
331,0 days 00:00:00.004947000
332,0 days 00:00:00.004991000
333,0 days 00:00:00.004902000
334,0 days 00:00:00.004940000
335,0 days 00:00:00.006030000
336,0 days 00:00:00.005007000
337,0 days 00:00:00.005014000
338,0 days 00:00:00.004864000
339,0 days 00:00:00.005298000
340,0 days 00:00:00.005146000
341,0 days 00:00:00.004844000
342,0 days 00:00:00.005198000
343,0 days 00:00:00.005149000
344,0 days 00:00:00.005048000
345,0 days 00:00:00.005064000
346,0 days 00:00:00.005215000
347,0 days 00:00:00.004926000
348,0 days 00:00:00.005013000
349,0 days 00:00:00.005221000
350,0 days 00:00:00.005108000
351,0 days 00:00:00.005456000
352,0 days 00:00:00.005225000
353,0 days 00:00:00.005170000
354,0 days 00:00:00.004847000
355,0 days 00:00:00.005363000
356,0 days 00:00:00.005138000
357,0 days 00:00:00.005511000
358,0 days 00:00:00.005195000
359,0 days 00:00:00.004910000
360,0 days 00:00:00.005000000
361,0 days 00:00:00.005626000
362,0 days 00:00:00.005087000
363,0 days 00:00:00.005512000
364,0 days 00:00:00.005089000
365,0 days 00:00:00.005146000
366,0 days 00:00:00.004853000
367,0 days 00:00:00.005405000
368,0 days 00:00:00.005417000
369,0 days 00:00:00.004480000
370,0 days 00:00:00.005202000
371,0 days 00:00:00.005339000
372,0 days 00:00:00.005265000
373,0 days 00:00:00.005280000
374,0 days 00:00:00.005137000
375,0 days 00:00:00.005564000
376,0 days 00:00:00.005010000
377,0 days 00:00:00.005514000
378,0 days 00:00:00.005265000
379,0 days 00:00:00.005088000
380,0 days 00:00:00.005045000
381,0 days 00:00:00.005538000
382,0 days 00:00:00.005215000
383,0 days 00:00:00.005118000
384,0 days 00:00:00.004996000
385,0 days 00:00:00.005095000
386,0 days 00:00:00.005544000
387,0 days 00:00:00.005261000
388,0 days 00:00:00.005257000
389,0 days 00:00:00.005274000
390,0 days 00:00:00.005302000
391,0 days 00:00:00.005447000
392,0 days 00:00:00.004981000
393,0 days 00:00:00.006201000
394,0 days 00:00:00.005000000
395,0 days 00:00:00.005024000
396,0 days 00:00:00.005223000
397,0 days 00:00:00.005598000
398,0 days 00:00:00.005233000
399,0 days 00:00:00.005227000
400,0 days 00:00:00.005098000
401,0 days 00:00:00.005117000
402,0 days 00:00:00.005232000
403,0 days 00:00:00.005241000
404,0 days 00:00:00.005140000
405,0 days 00:00:00.005705000
406,0 days 00:00:00.005180000
407,0 days 00:00:00.005225000
408,0 days 00:00:00.005121000
409,0 days 00:00:00.005654000
410,0 days 00:00:00.005145000
411,0 days 00:00:00.005575000
412,0 days 00:00:00.005468000
413,0 days 00:00:00.005208000
414,0 days 00:00:00.005534000
415,0 days 00:00:00.005927000
416,0 days 00:00:00.005379000
417,0 days 00:00:00.005335000
418,0 days 00:00:00.005271000
419,0 days 00:00:00.005531000
420,0 days 00:00:00.005010000
421,0 days 00:00:00.006271000
422,0 days 00:00:00.005368000
423,0 days 00:00:00.005179000
424,0 days 00:00:00.005231000
425,0 days 00:00:00.005236000
426,0 days 00:00:00.004988000
427,0 days 00:00:00.005290000
428,0 days 00:00:00.005135000
429,0 days 00:00:00.005351000
430,0 days 00:00:00.005146000
431,0 days 00:00:00.005200000
432,0 days 00:00:00.005300000
433,0 days 00:00:00.005240000
434,0 days 00:00:00.005498000
435,0 days 00:00:00.005144000
436,0 days 00:00:00.005085000
437,0 days 00:00:00.005317000
438,0 days 00:00:00.005315000
439,0 days 00:00:00.005326000
440,0 days 00:00:00.005169000
441,0 days 00:00:00.005273000
442,0 days 00:00:00.005229000
443,0 days 00:00:00.005765000
444,0 days 00:00:00.004929000
445,0 days 00:00:00.005445000
446,0 days 00:00:00.005268000
447,0 days 00:00:00.005931000
448,0 days 00:00:00.005551000
449,0 days 00:00:00.005741000
450,0 days 00:00:00.005282000
451,0 days 00:00:00.005192000
452,0 days 00:00:00.005316000
453,0 days 00:00:00.005248000
454,0 days 00:00:00.005543000
455,0 days 00:00:00.005334000
456,0 days 00:00:00.005344000
457,0 days 00:00:00.005207000
458,0 days 00:00:00.005381000
459,0 days 00:00:00.005805000
460,0 days 00:00:00.005443000
461,0 days 00:00:00.005364000
462,0 days 00:00:00.005328000
463,0 days 00:00:00.005354000
464,0 days 00:00:00.005353000
465,0 days 00:00:00.005297000
466,0 days 00:00:00.005231000
467,0 days 00:00:00.005334000
468,0 days 00:00:00.005436000
469,0 days 00:00:00.005907000
470,0 days 00:00:00.005292000
471,0 days 00:00:00.005497000
472,0 days 00:00:00.005500000
473,0 days 00:00:00.005252000
474,0 days 00:00:00.005464000
475,0 days 00:00:00.005355000
476,0 days 00:00:00.005369000
477,0 days 00:00:00.005605000
478,0 days 00:00:00.005621000
479,0 days 00:00:00.005442000
480,0 days 00:00:00.005586000
481,0 days 00:00:00.005400000
482,0 days 00:00:00.005455000
483,0 days 00:00:00.005719000
484,0 days 00:00:00.005516000
485,0 days 00:00:00.005607000
486,0 days 00:00:00.005537000
487,0 days 00:00:00.005843000
488,0 days 00:00:00.005547000
489,0 days 00:00:00.005545000
490,0 days 00:00:00.006029000
491,0 days 00:00:00.005390000
492,0 days 00:00:00.005516000
493,0 days 00:00:00.005316000
494,0 days 00:00:00.005269000
495,0 days 00:00:00.005331000
496,0 days 00:00:00.005289000
497,0 days 00:00:00.005486000
498,0 days 00:00:00.005476000
499,0 days 00:00:00.005358000
500,0 days 00:00:00.005250000
501,0 days 00:00:00.005493000
502,0 days 00:00:00.005302000
503,0 days 00:00:00.005323000
504,0 days 00:00:00.005240000
505,0 days 00:00:00.005482000
506,0 days 00:00:00.005678000
507,0 days 00:00:00.005265000
508,0 days 00:00:00.005458000
509,0 days 00:00:00.005587000
510,0 days 00:00:00.005395000
511,0 days 00:00:00.005681000
512,0 days 00:00:00.005338000
513,0 days 00:00:00.005630000
514,0 days 00:00:00.005465000
515,0 days 00:00:00.005521000
516,0 days 00:00:00.005370000
517,0 days 00:00:00.005868000
518,0 days 00:00:00.005497000
519,0 days 00:00:00.005738000
520,0 days 00:00:00.005479000
521,0 days 00:00:00.005899000
522,0 days 00:00:00.005476000
523,0 days 00:00:00.005443000
524,0 days 00:00:00.005442000
525,0 days 00:00:00.005683000
526,0 days 00:00:00.005478000
527,0 days 00:00:00.005445000
528,0 days 00:00:00.005490000
529,0 days 00:00:00.006177000
530,0 days 00:00:00.005595000
531,0 days 00:00:00.005460000
532,0 days 00:00:00.005562000
533,0 days 00:00:00.006039000
534,0 days 00:00:00.005678000
535,0 days 00:00:00.005844000
536,0 days 00:00:00.005485000
537,0 days 00:00:00.005661000
538,0 days 00:00:00.005512000
539,0 days 00:00:00.005764000
540,0 days 00:00:00.005352000
541,0 days 00:00:00.005530000
542,0 days 00:00:00.005480000
543,0 days 00:00:00.005822000
544,0 days 00:00:00.005715000
545,0 days 00:00:00.005890000
546,0 days 00:00:00.005519000
547,0 days 00:00:00.006620000
548,0 days 00:00:00.005518000
549,0 days 00:00:00.005970000
550,0 days 00:00:00.005690000
551,0 days 00:00:00.005666000
552,0 days 00:00:00.005442000
553,0 days 00:00:00.006581000
554,0 days 00:00:00.005498000
555,0 days 00:00:00.006743000
556,0 days 00:00:00.005539000
557,0 days 00:00:00.006162000
558,0 days 00:00:00.005719000
559,0 days 00:00:00.005943000
560,0 days 00:00:00.005915000
561,0 days 00:00:00.005576000
562,0 days 00:00:00.005558000
563,0 days 00:00:00.005676000
564,0 days 00:00:00.005717000
565,0 days 00:00:00.005615000
566,0 days 00:00:00.005733000
567,0 days 00:00:00.005765000
568,0 days 00:00:00.005816000
569,0 days 00:00:00.005673000
570,0 days 00:00:00.005731000
571,0 days 00:00:00.006013000
572,0 days 00:00:00.005753000
573,0 days 00:00:00.005742000
574,0 days 00:00:00.005672000
575,0 days 00:00:00.005888000
576,0 days 00:00:00.005844000
577,0 days 00:00:00.005986000
578,0 days 00:00:00.005591000
579,0 days 00:00:00.006132000
580,0 days 00:00:00.005487000
581,0 days 00:00:00.005707000
582,0 days 00:00:00.005572000
583,0 days 00:00:00.006089000
584,0 days 00:00:00.005789000
585,0 days 00:00:00.005679000
586,0 days 00:00:00.005527000
587,0 days 00:00:00.005804000
588,0 days 00:00:00.005605000
589,0 days 00:00:00.006101000
590,0 days 00:00:00.005376000
591,0 days 00:00:00.005716000
592,0 days 00:00:00.005509000
593,0 days 00:00:00.006058000
594,0 days 00:00:00.005422000
595,0 days 00:00:00.005690000
596,0 days 00:00:00.005847000
597,0 days 00:00:00.006119000
598,0 days 00:00:00.005597000
599,0 days 00:00:00.006045000
600,0 days 00:00:00.005613000
601,0 days 00:00:00.006230000
602,0 days 00:00:00.005603000
603,0 days 00:00:00.005838000
604,0 days 00:00:00.005664000
605,0 days 00:00:00.005905000
606,0 days 00:00:00.005944000
607,0 days 00:00:00.005791000
608,0 days 00:00:00.005442000
609,0 days 00:00:00.005716000
610,0 days 00:00:00.005982000
611,0 days 00:00:00.005792000
612,0 days 00:00:00.005846000
613,0 days 00:00:00.006048000
614,0 days 00:00:00.005509000
615,0 days 00:00:00.005743000
616,0 days 00:00:00.005716000
617,0 days 00:00:00.005869000
618,0 days 00:00:00.005816000
619,0 days 00:00:00.005808000
620,0 days 00:00:00.005853000
621,0 days 00:00:00.005951000
622,0 days 00:00:00.005721000
623,0 days 00:00:00.006121000
624,0 days 00:00:00.005910000
625,0 days 00:00:00.005716000
626,0 days 00:00:00.005869000
627,0 days 00:00:00.005757000
628,0 days 00:00:00.005735000
629,0 days 00:00:00.005749000
630,0 days 00:00:00.005502000
631,0 days 00:00:00.006163000
632,0 days 00:00:00.005665000
633,0 days 00:00:00.006236000
634,0 days 00:00:00.005834000
635,0 days 00:00:00.005927000
636,0 days 00:00:00.005684000
637,0 days 00:00:00.006786000
638,0 days 00:00:00.005714000
639,0 days 00:00:00.006161000
640,0 days 00:00:00.005655000
641,0 days 00:00:00.005894000
642,0 days 00:00:00.005875000
643,0 days 00:00:00.005792000
644,0 days 00:00:00.006140000
645,0 days 00:00:00.005870000
646,0 days 00:00:00.005705000
647,0 days 00:00:00.006203000
648,0 days 00:00:00.005841000
649,0 days 00:00:00.005817000
650,0 days 00:00:00.005987000
651,0 days 00:00:00.005791000
652,0 days 00:00:00.005642000
653,0 days 00:00:00.006002000
654,0 days 00:00:00.005754000
655,0 days 00:00:00.006059000
656,0 days 00:00:00.005877000
657,0 days 00:00:00.005998000
658,0 days 00:00:00.006221000
659,0 days 00:00:00.005815000
660,0 days 00:00:00.006025000
661,0 days 00:00:00.006083000
662,0 days 00:00:00.006216000
663,0 days 00:00:00.005714000
664,0 days 00:00:00.005936000
665,0 days 00:00:00.006014000
666,0 days 00:00:00.005751000
667,0 days 00:00:00.006025000
668,0 days 00:00:00.005797000
669,0 days 00:00:00.005792000
670,0 days 00:00:00.005966000
671,0 days 00:00:00.006318000
672,0 days 00:00:00.005884000
673,0 days 00:00:00.006342000
674,0 days 00:00:00.005706000
675,0 days 00:00:00.005946000
676,0 days 00:00:00.005793000
677,0 days 00:00:00.005861000
678,0 days 00:00:00.005913000
679,0 days 00:00:00.005930000
680,0 days 00:00:00.005927000
681,0 days 00:00:00.006338000
682,0 days 00:00:00.005879000
683,0 days 00:00:00.006122000
684,0 days 00:00:00.005816000
685,0 days 00:00:00.006223000
686,0 days 00:00:00.005755000
687,0 days 00:00:00.006333000
688,0 days 00:00:00.005993000
689,0 days 00:00:00.006016000
690,0 days 00:00:00.005867000
691,0 days 00:00:00.006254000
692,0 days 00:00:00.005964000
693,0 days 00:00:00.006381000
694,0 days 00:00:00.005803000
695,0 days 00:00:00.006007000
696,0 days 00:00:00.006153000
697,0 days 00:00:00.006180000
698,0 days 00:00:00.005954000
699,0 days 00:00:00.006089000
700,0 days 00:00:00.005725000
701,0 days 00:00:00.005907000
702,0 days 00:00:00.005828000
703,0 days 00:00:00.006039000
704,0 days 00:00:00.005906000
705,0 days 00:00:00.006017000
706,0 days 00:00:00.005765000
707,0 days 00:00:00.006083000
708,0 days 00:00:00.006295000
709,0 days 00:00:00.006499000
710,0 days 00:00:00.005982000
711,0 days 00:00:00.006022000
712,0 days 00:00:00.005889000
713,0 days 00:00:00.006043000
714,0 days 00:00:00.006006000
715,0 days 00:00:00.006072000
716,0 days 00:00:00.006160000
717,0 days 00:00:00.006185000
718,0 days 00:00:00.006087000
719,0 days 00:00:00.006386000
720,0 days 00:00:00.006020000
721,0 days 00:00:00.006568000
722,0 days 00:00:00.006155000
723,0 days 00:00:00.006239000
724,0 days 00:00:00.005800000
725,0 days 00:00:00.006125000
726,0 days 00:00:00.006008000
727,0 days 00:00:00.006308000
728,0 days 00:00:00.005915000
729,0 days 00:00:00.006476000
730,0 days 00:00:00.005794000
731,0 days 00:00:00.006009000
732,0 days 00:00:00.005854000
733,0 days 00:00:00.006056000
734,0 days 00:00:00.005891000
735,0 days 00:00:00.006436000
736,0 days 00:00:00.005984000
737,0 days 00:00:00.006288000
738,0 days 00:00:00.006202000
739,0 days 00:00:00.006132000
740,0 days 00:00:00.006002000
741,0 days 00:00:00.006024000
742,0 days 00:00:00.006154000
743,0 days 00:00:00.006385000
744,0 days 00:00:00.005995000
745,0 days 00:00:00.005957000
746,0 days 00:00:00.006112000
747,0 days 00:00:00.006156000
748,0 days 00:00:00.005962000
749,0 days 00:00:00.006160000
750,0 days 00:00:00.005996000
751,0 days 00:00:00.006518000
752,0 days 00:00:00.004920000
753,0 days 00:00:00.006164000
754,0 days 00:00:00.006347000
755,0 days 00:00:00.006357000
756,0 days 00:00:00.006144000
757,0 days 00:00:00.006149000
758,0 days 00:00:00.006323000
759,0 days 00:00:00.006094000
760,0 days 00:00:00.006279000
761,0 days 00:00:00.006119000
762,0 days 00:00:00.006188000
763,0 days 00:00:00.006156000
764,0 days 00:00:00.006254000
765,0 days 00:00:00.006140000
766,0 days 00:00:00.006150000
767,0 days 00:00:00.006442000
768,0 days 00:00:00.005983000
769,0 days 00:00:00.005990000
770,0 days 00:00:00.006132000
771,0 days 00:00:00.006206000
772,0 days 00:00:00.004833000
773,0 days 00:00:00.007255000
774,0 days 00:00:00.005437000
775,0 days 00:00:00.006389000
776,0 days 00:00:00.006179000
777,0 days 00:00:00.006060000
778,0 days 00:00:00.006258000
779,0 days 00:00:00.006173000
780,0 days 00:00:00.006191000
781,0 days 00:00:00.006366000
782,0 days 00:00:00.006114000
783,0 days 00:00:00.006262000
784,0 days 00:00:00.006267000
785,0 days 00:00:00.006482000
786,0 days 00:00:00.006021000
787,0 days 00:00:00.006244000
788,0 days 00:00:00.006110000
789,0 days 00:00:00.006554000
790,0 days 00:00:00.006174000
791,0 days 00:00:00.006343000
792,0 days 00:00:00.006130000
793,0 days 00:00:00.006750000
794,0 days 00:00:00.006150000
795,0 days 00:00:00.006133000
796,0 days 00:00:00.006126000
797,0 days 00:00:00.006687000
798,0 days 00:00:00.006406000
799,0 days 00:00:00.008299000
800,0 days 00:00:00.006142000
801,0 days 00:00:00.006227000
802,0 days 00:00:00.006439000
803,0 days 00:00:00.006345000
804,0 days 00:00:00.006241000
805,0 days 00:00:00.006754000
806,0 days 00:00:00.006185000
807,0 days 00:00:00.006257000
808,0 days 00:00:00.006270000
809,0 days 00:00:00.007079000
810,0 days 00:00:00.006306000
811,0 days 00:00:00.006351000
812,0 days 00:00:00.006095000
813,0 days 00:00:00.006567000
814,0 days 00:00:00.006227000
815,0 days 00:00:00.006480000
816,0 days 00:00:00.006127000
817,0 days 00:00:00.006167000
818,0 days 00:00:00.006367000
819,0 days 00:00:00.006197000
820,0 days 00:00:00.006378000
821,0 days 00:00:00.006709000
822,0 days 00:00:00.006300000
823,0 days 00:00:00.006331000
824,0 days 00:00:00.006139000
825,0 days 00:00:00.007364000
826,0 days 00:00:00.006359000
827,0 days 00:00:00.006682000
828,0 days 00:00:00.006076000
829,0 days 00:00:00.006294000
830,0 days 00:00:00.006090000
831,0 days 00:00:00.006331000
832,0 days 00:00:00.006466000
833,0 days 00:00:00.006382000
834,0 days 00:00:00.006319000
835,0 days 00:00:00.006201000
836,0 days 00:00:00.006108000
837,0 days 00:00:00.006277000
838,0 days 00:00:00.006214000
839,0 days 00:00:00.006744000
840,0 days 00:00:00.006612000
841,0 days 00:00:00.006926000
842,0 days 00:00:00.006279000
843,0 days 00:00:00.006676000
844,0 days 00:00:00.006294000
845,0 days 00:00:00.006669000
846,0 days 00:00:00.006025000
847,0 days 00:00:00.006402000
848,0 days 00:00:00.006305000
849,0 days 00:00:00.006330000
850,0 days 00:00:00.006211000
851,0 days 00:00:00.006530000
852,0 days 00:00:00.006356000
853,0 days 00:00:00.006339000
854,0 days 00:00:00.006204000
855,0 days 00:00:00.006765000
856,0 days 00:00:00.006496000
857,0 days 00:00:00.006110000
858,0 days 00:00:00.006240000
859,0 days 00:00:00.006421000
860,0 days 00:00:00.006676000
861,0 days 00:00:00.006835000
862,0 days 00:00:00.006192000
863,0 days 00:00:00.006802000
864,0 days 00:00:00.006573000
865,0 days 00:00:00.006592000
866,0 days 00:00:00.006109000
867,0 days 00:00:00.006127000
868,0 days 00:00:00.006395000
869,0 days 00:00:00.006489000
870,0 days 00:00:00.006162000
871,0 days 00:00:00.006745000
872,0 days 00:00:00.006345000
873,0 days 00:00:00.006343000
874,0 days 00:00:00.006166000
875,0 days 00:00:00.006494000
876,0 days 00:00:00.006553000
877,0 days 00:00:00.006364000
878,0 days 00:00:00.006528000
879,0 days 00:00:00.006484000
880,0 days 00:00:00.006011000
881,0 days 00:00:00.006939000
882,0 days 00:00:00.006352000
883,0 days 00:00:00.006391000
884,0 days 00:00:00.006483000
885,0 days 00:00:00.007095000
886,0 days 00:00:00.006541000
887,0 days 00:00:00.007373000
888,0 days 00:00:00.006290000
889,0 days 00:00:00.006713000
890,0 days 00:00:00.006236000
891,0 days 00:00:00.006503000
892,0 days 00:00:00.006394000
893,0 days 00:00:00.006568000
894,0 days 00:00:00.006544000
895,0 days 00:00:00.006524000
896,0 days 00:00:00.006286000
897,0 days 00:00:00.006894000
898,0 days 00:00:00.006623000
899,0 days 00:00:00.006866000
900,0 days 00:00:00.006607000
901,0 days 00:00:00.006822000
902,0 days 00:00:00.006475000
903,0 days 00:00:00.007092000
904,0 days 00:00:00.006335000
905,0 days 00:00:00.006964000
906,0 days 00:00:00.006491000
907,0 days 00:00:00.006901000
908,0 days 00:00:00.006377000
909,0 days 00:00:00.006471000
910,0 days 00:00:00.006463000
911,0 days 00:00:00.006452000
912,0 days 00:00:00.006669000
913,0 days 00:00:00.006616000
914,0 days 00:00:00.006372000
915,0 days 00:00:00.006547000
916,0 days 00:00:00.006592000
917,0 days 00:00:00.006523000
918,0 days 00:00:00.006744000
919,0 days 00:00:00.007569000
920,0 days 00:00:00.006681000
921,0 days 00:00:00.006653000
922,0 days 00:00:00.006730000
923,0 days 00:00:00.006508000
924,0 days 00:00:00.006510000
925,0 days 00:00:00.006532000
926,0 days 00:00:00.006592000
927,0 days 00:00:00.006592000
928,0 days 00:00:00.006426000
929,0 days 00:00:00.006314000
930,0 days 00:00:00.006555000
931,0 days 00:00:00.006514000
932,0 days 00:00:00.006520000
933,0 days 00:00:00.007026000
934,0 days 00:00:00.006640000
935,0 days 00:00:00.006516000
936,0 days 00:00:00.006524000
937,0 days 00:00:00.006933000
938,0 days 00:00:00.006416000
939,0 days 00:00:00.006612000
940,0 days 00:00:00.006447000
941,0 days 00:00:00.007053000
942,0 days 00:00:00.006310000
943,0 days 00:00:00.007523000
944,0 days 00:00:00.006600000
945,0 days 00:00:00.006660000
946,0 days 00:00:00.006357000
947,0 days 00:00:00.006580000
948,0 days 00:00:00.006699000
949,0 days 00:00:00.006534000
950,0 days 00:00:00.006675000
951,0 days 00:00:00.006960000
952,0 days 00:00:00.006583000
953,0 days 00:00:00.006746000
954,0 days 00:00:00.006692000
955,0 days 00:00:00.007207000
956,0 days 00:00:00.005760000
957,0 days 00:00:00.006800000
958,0 days 00:00:00.006622000
959,0 days 00:00:00.006941000
960,0 days 00:00:00.006632000
961,0 days 00:00:00.006554000
962,0 days 00:00:00.006635000
963,0 days 00:00:00.007372000
964,0 days 00:00:00.006627000
965,0 days 00:00:00.007077000
966,0 days 00:00:00.006468000
967,0 days 00:00:00.006597000
968,0 days 00:00:00.006760000
969,0 days 00:00:00.007234000
970,0 days 00:00:00.006793000
971,0 days 00:00:00.007583000
972,0 days 00:00:00.006678000
973,0 days 00:00:00.007027000
974,0 days 00:00:00.006347000
975,0 days 00:00:00.006944000
976,0 days 00:00:00.006417000
977,0 days 00:00:00.006688000
978,0 days 00:00:00.006868000
979,0 days 00:00:00.006736000
980,0 days 00:00:00.006730000
981,0 days 00:00:00.007053000
982,0 days 00:00:00.006637000
983,0 days 00:00:00.006969000
984,0 days 00:00:00.006740000
985,0 days 00:00:00.007562000
986,0 days 00:00:00.006826000
987,0 days 00:00:00.007139000
988,0 days 00:00:00.006933000
989,0 days 00:00:00.006880000
990,0 days 00:00:00.006613000
991,0 days 00:00:00.007035000
992,0 days 00:00:00.006814000
993,0 days 00:00:00.006660000
994,0 days 00:00:00.006509000
995,0 days 00:00:00.006809000
996,0 days 00:00:00.006784000
997,0 days 00:00:00.006674000
998,0 days 00:00:00.006687000
999,0 days 00:00:00.007099000
1000,0 days 00:00:00.006638000
